pair_id,fact_id,outcome,description_change
38438,entity_e1,retained,equivalent
38438,entity_e2,retained,equivalent
38438,entity_e3,retained,equivalent
38438,entity_e4,removed,absent
398726,entity_e1,retained,equivalent
398726,entity_e2,retained,equivalent
398726,entity_e3,retained,equivalent
398726,entity_e4,retained,generalized
398726,entity_e5,retained,equivalent
398726,entity_e6,removed,absent
398726,entity_e7,retained,equivalent
260370,entity_e1,retained,equivalent
260370,entity_e2,retained,equivalent
260370,entity_e3,retained,equivalent
260370,entity_e4,retained,equivalent
260370,entity_e5,removed,absent
260370,entity_e6,retained,equivalent
260370,entity_e7,removed,absent
260370,entity_e8,removed,absent
260370,entity_e11,removed,absent
113173,entity_e1,retained,generalized
113173,entity_e2,retained,equivalent
113173,entity_e3,removed,absent
113173,entity_e4,removed,absent
113173,entity_e5,removed,absent
113173,entity_e6,retained,equivalent
113173,entity_e7,removed,absent
113173,entity_e8,retained,equivalent
113173,entity_e9,removed,absent
64189,entity_e1,retained,equivalent
64189,entity_e2,retained,equivalent
64189,entity_e3,retained,equivalent
64189,entity_e4,retained,equivalent
64189,entity_e7,removed,absent
64189,entity_e8,removed,absent
64189,entity_e10,removed,absent
18291,entity_e1,retained,equivalent
18291,entity_e2,retained,equivalent
18291,entity_e3,unresolved,collection_change
18291,entity_e4,retained,equivalent
359751,entity_e1,retained,equivalent
359751,entity_e2,retained,equivalent
359751,entity_e3,retained,generalized
404462,entity_e1,retained,specialized
404462,entity_e4,removed,absent
326667,entity_e1,retained,equivalent
326667,entity_e2,retained,specialized
326667,entity_e3,removed,absent
326667,entity_e4,removed,absent
396768,entity_e1,retained,equivalent
396768,entity_e2,retained,equivalent
396768,entity_e3,removed,absent
396768,entity_e4,removed,absent
396768,entity_e5,removed,absent
396768,entity_e6,removed,absent
342770,entity_e1,retained,equivalent
342770,entity_e3,retained,equivalent
342770,entity_e4,retained,equivalent
342770,entity_e5,removed,absent
342770,entity_e6,removed,absent
342770,entity_e7,removed,absent
487391,entity_e1,retained,equivalent
487391,entity_e2,retained,generalized
487391,entity_e3,unresolved,unresolved
487391,entity_e4,removed,absent
542511,entity_e1,retained,equivalent
542511,entity_e2,retained,equivalent
542511,entity_e3,retained,equivalent
542511,entity_e4,removed,absent
542511,entity_e5,unresolved,collection_change
542511,entity_e6,retained,equivalent
542511,entity_e7,removed,absent
525322,entity_e1,unresolved,collection_change
525322,entity_e2,retained,equivalent
525322,entity_e3,retained,equivalent
279305,entity_e1,retained,equivalent
279305,entity_e2,retained,equivalent
279305,entity_e3,retained,equivalent
279305,entity_e4,retained,equivalent
279305,entity_e6,removed,absent
45472,entity_e1,removed,absent
45472,entity_e2,retained,equivalent
45472,entity_e3,unresolved,unresolved
45472,entity_e4,retained,equivalent
45472,entity_e5,retained,equivalent
102609,entity_e1,retained,equivalent
102609,entity_e2,retained,equivalent
102609,entity_e3,removed,absent
102609,entity_e4,retained,equivalent
102609,entity_e5,retained,equivalent
102609,entity_e6,retained,equivalent
102609,entity_e7,retained,equivalent
102609,entity_e9,retained,equivalent
403482,entity_e1,retained,equivalent
403482,entity_e2,removed,absent
403482,entity_e3,removed,absent
403482,entity_e4,retained,specialized
403482,entity_e5,retained,equivalent
403482,entity_e8,removed,absent
403482,entity_e9,removed,absent
45388,entity_e1,retained,generalized
45388,entity_e2,retained,equivalent
45388,entity_e3,retained,equivalent
45388,entity_e4,retained,equivalent
45388,entity_e5,retained,equivalent
45388,entity_e6,removed,absent
45388,entity_e7,removed,absent
281711,entity_e1,retained,equivalent
281711,entity_e2,retained,equivalent
281711,entity_e4,retained,equivalent
281711,entity_e7,removed,absent
281711,entity_e8,removed,absent
281711,entity_e9,retained,equivalent
268717,entity_e1,retained,equivalent
268717,entity_e2,unresolved,collection_change
268717,entity_e3,removed,absent
268717,entity_e4,retained,equivalent
268717,entity_e5,retained,equivalent
268717,entity_e6,retained,equivalent
268717,entity_e8,removed,absent
318854,entity_e1,retained,equivalent
318854,entity_e2,retained,equivalent
318854,entity_e3,retained,equivalent
318854,entity_e4,retained,specialized
318854,entity_e5,retained,equivalent
318854,entity_e7,retained,equivalent
318854,entity_e11,removed,absent
402992,entity_e1,retained,generalized
402992,entity_e2,retained,equivalent
402992,entity_e3,removed,absent
321176,entity_e1,retained,equivalent
321176,entity_e2,removed,absent
321176,entity_e3,retained,equivalent
321176,entity_e4,retained,equivalent
321176,entity_e5,retained,equivalent
321176,entity_e6,removed,absent
321176,entity_e7,removed,absent
34520,entity_e1,retained,equivalent
34520,entity_e2,retained,equivalent
34520,entity_e3,unresolved,unresolved
34520,entity_e4,removed,absent
379542,entity_e1,retained,equivalent
379542,entity_e2,retained,equivalent
379542,entity_e3,retained,equivalent
379542,entity_e4,retained,equivalent
379542,entity_e5,removed,absent
340654,entity_e1,retained,equivalent
340654,entity_e2,retained,equivalent
340654,entity_e3,retained,equivalent
340654,entity_e4,removed,absent
340654,entity_e6,removed,absent
340654,entity_e7,removed,absent
340654,entity_e8,retained,equivalent
340654,entity_e9,retained,equivalent
40705,entity_e1,retained,equivalent
40705,entity_e2,retained,equivalent
40705,entity_e5,removed,absent
40705,entity_e6,removed,absent
40705,entity_e7,unresolved,unresolved
40705,entity_e9,removed,absent
40705,entity_e10,removed,absent
40705,entity_e11,removed,absent
40705,entity_e12,removed,absent
40705,entity_e13,removed,absent
198120,entity_e1,unresolved,unresolved
198120,entity_e2,unresolved,unresolved
198120,entity_e3,retained,equivalent
198120,entity_e4,retained,equivalent
198120,entity_e5,removed,absent
198120,entity_e6,retained,equivalent
198120,entity_e8,retained,equivalent
198120,entity_e9,retained,equivalent
198120,entity_e10,removed,absent
198120,entity_e11,removed,absent
198120,entity_e12,removed,absent
469671,entity_e1,retained,equivalent
469671,entity_e2,removed,absent
469671,entity_e3,retained,equivalent
469671,entity_e4,removed,absent
469671,entity_e5,retained,equivalent
469671,entity_e6,retained,equivalent
469671,entity_e7,removed,absent
469671,entity_e8,removed,absent
469671,entity_e9,removed,absent
402623,entity_e1,retained,equivalent
402623,entity_e2,removed,absent
402623,entity_e3,removed,absent
402623,entity_e4,removed,absent
402623,entity_e5,removed,absent
402623,entity_e6,unresolved,collection_change
402623,entity_e8,removed,absent
402623,entity_e10,removed,absent
402623,entity_e11,removed,absent
308391,entity_e1,removed,absent
308391,entity_e2,removed,absent
308391,entity_e3,removed,absent
308391,entity_e4,removed,absent
289392,entity_e1,retained,equivalent
289392,entity_e2,retained,equivalent
289392,entity_e3,retained,equivalent
289392,entity_e4,retained,equivalent
289392,entity_e5,retained,equivalent
289392,entity_e6,unresolved,collection_change
289392,entity_e7,removed,absent
289392,entity_e8,removed,absent
289392,entity_e10,removed,absent
289392,entity_e12,removed,absent
451915,entity_e1,retained,equivalent
451915,entity_e2,retained,equivalent
451915,entity_e3,removed,absent
451915,entity_e4,removed,absent
451915,entity_e5,removed,absent
451915,entity_e6,retained,equivalent
451915,entity_e7,removed,absent
25986,entity_e1,unresolved,unresolved
25986,entity_e2,retained,equivalent
25986,entity_e3,retained,equivalent
25986,entity_e4,retained,equivalent
25986,entity_e5,retained,equivalent
25986,entity_e6,retained,equivalent
25986,entity_e7,retained,equivalent
25986,entity_e9,retained,equivalent
25986,entity_e10,retained,equivalent
25986,entity_e11,removed,absent
270593,entity_e1,retained,equivalent
270593,entity_e2,retained,equivalent
270593,entity_e3,removed,absent
270593,entity_e4,retained,equivalent
270593,entity_e5,removed,absent
295574,entity_e1,retained,equivalent
295574,entity_e2,retained,equivalent
295574,entity_e3,retained,equivalent
295574,entity_e4,removed,absent
295574,entity_e5,retained,equivalent
295574,entity_e6,removed,absent
295574,entity_e7,removed,absent
295574,entity_e8,retained,equivalent
295574,entity_e9,removed,absent
55244,entity_e1,retained,equivalent
55244,entity_e2,retained,equivalent
55244,entity_e3,retained,equivalent
55244,entity_e4,removed,absent
55244,entity_e5,removed,absent
55244,entity_e6,removed,absent
55244,entity_e7,removed,absent
55244,entity_e9,retained,equivalent
277326,entity_e1,retained,equivalent
277326,entity_e2,retained,equivalent
277326,entity_e4,retained,specialized
277326,entity_e5,retained,equivalent
277326,entity_e6,removed,absent
277326,entity_e7,removed,absent
264423,entity_e1,retained,generalized
264423,entity_e2,retained,generalized
264423,entity_e3,retained,equivalent
264423,entity_e4,removed,absent
264423,entity_e5,removed,absent
264423,entity_e6,retained,equivalent
43098,entity_e1,retained,equivalent
43098,entity_e2,retained,equivalent
43098,entity_e3,retained,equivalent
43098,entity_e4,removed,absent
43098,entity_e5,removed,absent
80185,entity_e1,retained,equivalent
80185,entity_e2,retained,equivalent
80185,entity_e3,retained,equivalent
80185,entity_e4,retained,equivalent
80185,entity_e5,removed,absent
80185,entity_e6,retained,equivalent
120357,entity_e1,unresolved,collection_change
120357,entity_e2,unresolved,collection_change
120357,entity_e3,removed,absent
120357,entity_e4,removed,absent
120357,entity_e5,retained,equivalent
120357,entity_e6,removed,absent
120357,entity_e7,removed,absent
120357,entity_e8,removed,absent
120357,entity_e9,removed,absent
68418,entity_e1,retained,equivalent
68418,entity_e2,retained,equivalent
561517,entity_e1,retained,equivalent
561517,entity_e2,removed,absent
561517,entity_e3,unresolved,unresolved
561517,entity_e4,retained,equivalent
561517,entity_e6,removed,absent
561517,entity_e7,removed,absent
561517,entity_e8,retained,equivalent
561517,entity_e10,retained,equivalent
543118,entity_e1,retained,equivalent
543118,entity_e3,retained,equivalent
543118,entity_e4,retained,equivalent
543118,entity_e5,retained,equivalent
543118,entity_e6,removed,absent
120806,entity_e1,retained,equivalent
120806,entity_e2,retained,generalized
120806,entity_e3,retained,equivalent
120806,entity_e4,unresolved,collection_change
120806,entity_e5,retained,equivalent
136140,entity_e1,retained,equivalent
136140,entity_e2,retained,equivalent
136140,entity_e3,retained,equivalent
196989,entity_e1,retained,equivalent
196989,entity_e2,retained,equivalent
196989,entity_e3,removed,absent
196989,entity_e4,removed,absent
196989,entity_e5,removed,absent
85674,entity_e1,retained,equivalent
85674,entity_e2,retained,equivalent
85674,entity_e3,retained,equivalent
85674,entity_e4,retained,equivalent
85674,entity_e5,removed,absent
85674,entity_e6,retained,equivalent
85674,entity_e7,retained,equivalent
85674,entity_e8,retained,equivalent
433892,entity_e1,retained,equivalent
433892,entity_e2,retained,equivalent
433892,entity_e3,removed,absent
433892,entity_e4,retained,equivalent
433892,entity_e6,retained,equivalent
433892,entity_e7,retained,equivalent
190015,entity_e1,retained,equivalent
190015,entity_e2,retained,equivalent
190015,entity_e3,retained,equivalent
190015,entity_e4,removed,absent
419558,entity_e1,retained,equivalent
419558,entity_e2,retained,specialized
419558,entity_e3,removed,absent
70471,entity_e1,retained,generalized
70471,entity_e2,retained,equivalent
70471,entity_e3,retained,equivalent
70471,entity_e4,retained,equivalent
70471,entity_e5,retained,equivalent
70471,entity_e6,removed,absent
70471,entity_e9,retained,specialized
569801,entity_e1,retained,equivalent
569801,entity_e2,retained,equivalent
569801,entity_e3,removed,absent
569801,entity_e4,removed,absent
569801,entity_e5,removed,absent
569801,entity_e7,removed,absent
86250,entity_e1,retained,equivalent
86250,entity_e2,removed,absent
86250,entity_e3,retained,equivalent
86250,entity_e4,retained,equivalent
86250,entity_e5,removed,absent
86250,entity_e7,removed,absent
86250,entity_e8,removed,absent
86250,entity_e9,removed,absent
86250,entity_e11,retained,equivalent
552221,entity_e1,retained,equivalent
552221,entity_e2,retained,equivalent
552221,entity_e3,retained,equivalent
552221,entity_e4,removed,absent
552221,entity_e5,removed,absent
552221,entity_e6,retained,equivalent
552221,entity_e7,retained,equivalent
118839,entity_e1,retained,equivalent
118839,entity_e2,retained,equivalent
118839,entity_e3,retained,specialized
118839,entity_e5,removed,absent
118839,entity_e6,removed,absent
118839,entity_e8,removed,absent
303499,entity_e1,unresolved,collection_change
303499,entity_e2,retained,equivalent
303499,entity_e3,unresolved,collection_change
303499,entity_e4,removed,absent
471483,entity_e1,retained,equivalent
471483,entity_e2,retained,specialized
471483,entity_e3,removed,absent
471483,entity_e4,retained,equivalent
471483,entity_e5,retained,equivalent
471483,entity_e6,retained,equivalent
545353,entity_e1,retained,equivalent
545353,entity_e2,retained,equivalent
545353,entity_e3,retained,equivalent
545353,entity_e4,retained,equivalent
545353,entity_e5,removed,absent
55857,entity_e1,retained,equivalent
55857,entity_e2,retained,specialized
55857,entity_e3,removed,absent
55857,entity_e4,retained,equivalent
55857,entity_e5,retained,generalized
55857,entity_e6,removed,absent
55857,entity_e7,removed,absent
55857,entity_e8,retained,equivalent
150098,entity_e1,retained,equivalent
150098,entity_e2,retained,equivalent
150098,entity_e3,retained,equivalent
150098,entity_e4,removed,absent
150098,entity_e5,removed,absent
150098,entity_e6,removed,absent
183970,entity_e1,retained,equivalent
183970,entity_e2,removed,absent
183970,entity_e3,removed,absent
183970,entity_e4,retained,equivalent
183970,entity_e5,retained,equivalent
183970,entity_e7,removed,absent
32909,entity_e1,retained,equivalent
32909,entity_e2,removed,absent
21046,entity_e1,retained,equivalent
21046,entity_e2,retained,equivalent
21046,entity_e4,retained,equivalent
21046,entity_e5,removed,absent
21046,entity_e6,removed,absent
21046,entity_e7,retained,equivalent
21046,entity_e8,retained,equivalent
21046,entity_e9,removed,absent
195269,entity_e1,retained,generalized
195269,entity_e2,retained,generalized
195269,entity_e3,retained,equivalent
195269,entity_e4,retained,equivalent
195269,entity_e5,retained,equivalent
195269,entity_e6,retained,equivalent
195269,entity_e7,removed,absent
513037,entity_e1,retained,equivalent
513037,entity_e2,retained,equivalent
513037,entity_e3,retained,equivalent
513037,entity_e4,retained,equivalent
513037,entity_e5,removed,absent
431364,entity_e1,retained,equivalent
431364,entity_e2,retained,equivalent
431364,entity_e3,retained,equivalent
431364,entity_e4,retained,equivalent
431364,entity_e5,removed,absent
431364,entity_e6,retained,equivalent
121876,entity_e1,retained,equivalent
121876,entity_e2,removed,absent
121876,entity_e3,removed,absent
121876,entity_e4,retained,specialized
256220,entity_e1,retained,generalized
256220,entity_e2,retained,equivalent
256220,entity_e3,retained,equivalent
256220,entity_e4,retained,equivalent
256220,entity_e7,removed,absent
256220,entity_e8,removed,absent
256220,entity_e9,removed,absent
274612,entity_e1,retained,equivalent
274612,entity_e2,removed,absent
43324,entity_e1,retained,equivalent
43324,entity_e2,retained,equivalent
43324,entity_e3,removed,absent
43324,entity_e4,removed,absent
43324,entity_e5,removed,absent
43324,entity_e6,removed,absent
82465,entity_e1,retained,equivalent
82465,entity_e2,removed,absent
82465,entity_e3,retained,equivalent
82465,entity_e4,removed,absent
82465,entity_e5,removed,absent
75806,entity_e1,retained,equivalent
75806,entity_e2,retained,equivalent
75806,entity_e3,retained,equivalent
75806,entity_e4,retained,equivalent
75806,entity_e6,removed,absent
89296,entity_e1,retained,equivalent
89296,entity_e2,removed,absent
89296,entity_e3,removed,absent
89296,entity_e4,retained,equivalent
89296,entity_e5,retained,equivalent
449039,entity_e1,retained,equivalent
449039,entity_e2,retained,equivalent
449039,entity_e3,retained,equivalent
449039,entity_e4,removed,absent
449039,entity_e5,retained,equivalent
449039,entity_e6,removed,absent
449039,entity_e7,removed,absent
449039,entity_e8,removed,absent
527219,entity_e1,retained,equivalent
527219,entity_e2,retained,equivalent
527219,entity_e3,retained,equivalent
527219,entity_e4,retained,equivalent
527219,entity_e5,retained,equivalent
527219,entity_e6,retained,equivalent
527219,entity_e7,retained,equivalent
527219,entity_e8,retained,equivalent
45094,entity_e1,retained,equivalent
45094,entity_e2,retained,generalized
45094,entity_e3,removed,absent
45094,entity_e4,retained,equivalent
45094,entity_e5,retained,equivalent
45094,entity_e6,removed,absent
45094,entity_e7,removed,absent
45094,entity_e11,removed,absent
113246,entity_e1,retained,equivalent
113246,entity_e2,retained,equivalent
113246,entity_e3,retained,specialized
113246,entity_e4,removed,absent
113246,entity_e5,retained,equivalent
113246,entity_e6,retained,equivalent
113246,entity_e9,removed,absent
389308,entity_e1,retained,equivalent
389308,entity_e2,retained,generalized
389308,entity_e3,removed,absent
389308,entity_e4,removed,absent
261115,entity_e1,retained,equivalent
261115,entity_e2,retained,equivalent
261115,entity_e3,retained,equivalent
261115,entity_e4,removed,absent
261115,entity_e5,retained,equivalent
261115,entity_e6,retained,generalized
253489,entity_e1,removed,absent
253489,entity_e2,retained,equivalent
253489,entity_e3,retained,equivalent
253489,entity_e4,retained,equivalent
253489,entity_e5,retained,equivalent
253489,entity_e6,retained,equivalent
253489,entity_e7,retained,equivalent
253489,entity_e8,removed,absent
45367,entity_e1,retained,equivalent
45367,entity_e2,retained,equivalent
45367,entity_e3,removed,absent
45367,entity_e4,retained,equivalent
45367,entity_e5,removed,absent
45367,entity_e6,retained,equivalent
46912,entity_e2,retained,equivalent
46912,entity_e3,retained,equivalent
94760,entity_e1,retained,equivalent
94760,entity_e2,retained,equivalent
94760,entity_e3,retained,equivalent
94760,entity_e4,retained,equivalent
96755,entity_e1,retained,equivalent
96755,entity_e2,unresolved,collection_change
96755,entity_e3,unresolved,collection_change
96755,entity_e4,retained,equivalent
96755,entity_e5,unresolved,unresolved
96755,entity_e6,removed,absent
96755,entity_e8,retained,equivalent
96755,entity_e9,retained,equivalent
96755,entity_e11,removed,absent
221044,entity_e1,removed,absent
221044,entity_e2,removed,absent
221044,entity_e3,retained,equivalent
221044,entity_e4,retained,equivalent
221044,entity_e5,unresolved,unresolved
221044,entity_e6,retained,equivalent
221044,entity_e9,unresolved,unresolved
482236,entity_e1,retained,equivalent
482236,entity_e2,retained,equivalent
482236,entity_e3,retained,equivalent
482236,entity_e4,removed,absent
482236,entity_e5,retained,equivalent
482236,entity_e6,removed,absent
482236,entity_e9,removed,absent
48530,entity_e1,retained,equivalent
48530,entity_e2,retained,generalized
48530,entity_e3,removed,absent
112437,entity_e1,retained,equivalent
112437,entity_e2,removed,absent
112437,entity_e3,retained,specialized
112437,entity_e4,removed,absent
112437,entity_e5,unresolved,collection_change
112437,entity_e6,removed,absent
112437,entity_e10,removed,absent
112437,entity_e11,removed,absent
255795,entity_e1,retained,equivalent
255795,entity_e2,retained,equivalent
255795,entity_e3,retained,equivalent
255795,entity_e4,retained,equivalent
255795,entity_e5,retained,equivalent
255795,entity_e6,removed,absent
255795,entity_e10,removed,absent
255795,entity_e11,removed,absent
511138,entity_e1,retained,equivalent
511138,entity_e2,retained,equivalent
511138,entity_e4,retained,equivalent
548090,entity_e1,retained,generalized
548090,entity_e2,retained,equivalent
548090,entity_e3,retained,equivalent
548090,entity_e4,retained,equivalent
548090,entity_e5,retained,equivalent
548090,entity_e6,removed,absent
548090,entity_e7,removed,absent
403907,entity_e1,retained,equivalent
403907,entity_e2,unresolved,unresolved
403907,entity_e4,removed,absent
439180,entity_e1,retained,equivalent
439180,entity_e2,retained,equivalent
439180,entity_e3,retained,equivalent
439180,entity_e4,retained,equivalent
439180,entity_e6,removed,absent
554582,entity_e1,retained,equivalent
554582,entity_e2,retained,equivalent
554582,entity_e3,unresolved,unresolved
554582,entity_e4,removed,absent
475150,entity_e1,retained,equivalent
475150,entity_e2,retained,equivalent
475150,entity_e3,retained,equivalent
575946,entity_e1,retained,equivalent
575946,entity_e2,removed,absent
575946,entity_e3,removed,absent
575946,entity_e4,removed,absent
575946,entity_e7,removed,absent
575946,entity_e8,removed,absent
575946,entity_e9,removed,absent
356500,entity_e1,retained,equivalent
356500,entity_e2,retained,equivalent
356500,entity_e3,retained,equivalent
356500,entity_e4,retained,equivalent
356500,entity_e5,retained,equivalent
356500,entity_e6,removed,absent
579468,entity_e1,retained,equivalent
579468,entity_e2,retained,equivalent
579468,entity_e3,retained,generalized
579468,entity_e4,removed,absent
579468,entity_e5,retained,equivalent
579468,entity_e6,retained,equivalent
579468,entity_e7,removed,absent
332570,entity_e1,retained,equivalent
332570,entity_e2,retained,equivalent
332570,entity_e3,removed,absent
332570,entity_e4,removed,absent
332570,entity_e5,removed,absent
332570,entity_e6,removed,absent
293964,entity_e1,retained,equivalent
293964,entity_e2,unresolved,collection_change
293964,entity_e4,removed,absent
293964,entity_e5,removed,absent
293964,entity_e6,removed,absent
293964,entity_e7,removed,absent
137967,entity_e1,retained,equivalent
137967,entity_e2,retained,equivalent
137967,entity_e3,retained,equivalent
137967,entity_e4,retained,equivalent
137967,entity_e5,retained,equivalent
137967,entity_e6,retained,equivalent
137967,entity_e10,removed,absent
137967,entity_e11,removed,absent
137967,entity_e12,removed,absent
54264,entity_e2,retained,equivalent
54264,entity_e3,removed,absent
54264,entity_e4,removed,absent
54264,entity_e5,removed,absent
63040,entity_e1,retained,equivalent
63040,entity_e2,retained,equivalent
63040,entity_e3,retained,equivalent
63040,entity_e4,retained,equivalent
63040,entity_e5,removed,absent
63040,entity_e6,removed,absent
63040,entity_e7,removed,absent
63040,entity_e8,removed,absent
63040,entity_e9,retained,equivalent
63040,entity_e10,retained,equivalent
397351,entity_e1,retained,equivalent
397351,entity_e2,retained,equivalent
397351,entity_e3,removed,absent
204661,entity_e1,retained,equivalent
204661,entity_e2,retained,equivalent
204661,entity_e3,retained,equivalent
204661,entity_e4,retained,equivalent
204661,entity_e5,removed,absent
204661,entity_e6,removed,absent
204661,entity_e8,removed,absent
223874,entity_e1,unresolved,collection_change
223874,entity_e2,removed,absent
223874,entity_e3,retained,equivalent
223874,entity_e4,unresolved,collection_change
223874,entity_e6,retained,equivalent
223874,entity_e7,retained,equivalent
223874,entity_e8,retained,equivalent
87144,entity_e1,retained,equivalent
87144,entity_e2,retained,equivalent
87144,entity_e3,retained,equivalent
87144,entity_e4,retained,specialized
87144,entity_e5,removed,absent
87144,entity_e6,removed,absent
87144,entity_e7,removed,absent
87144,entity_e8,removed,absent
87144,entity_e9,removed,absent
373857,entity_e1,retained,equivalent
373857,entity_e2,retained,equivalent
373857,entity_e3,retained,equivalent
373857,entity_e4,retained,equivalent
373857,entity_e5,removed,absent
373857,entity_e6,retained,equivalent
373857,entity_e9,removed,absent
294484,entity_e1,retained,equivalent
294484,entity_e2,retained,equivalent
294484,entity_e3,unresolved,unresolved
294484,entity_e4,unresolved,unresolved
303908,entity_e1,retained,equivalent
303908,entity_e2,retained,equivalent
303908,entity_e3,removed,absent
303908,entity_e4,retained,equivalent
303908,entity_e5,retained,equivalent
303908,entity_e6,removed,absent
112702,entity_e1,retained,equivalent
112702,entity_e2,retained,equivalent
112702,entity_e3,removed,absent
226701,entity_e1,retained,generalized
226701,entity_e2,retained,generalized
226701,entity_e4,retained,equivalent
226701,entity_e5,removed,absent
226701,entity_e6,removed,absent
226701,entity_e7,removed,absent
226701,entity_e8,removed,absent
226701,entity_e9,removed,absent
89359,entity_e1,retained,equivalent
89359,entity_e2,retained,equivalent
89359,entity_e3,retained,equivalent
89359,entity_e4,retained,equivalent
366830,entity_e1,retained,equivalent
366830,entity_e2,retained,equivalent
366830,entity_e3,retained,equivalent
366830,entity_e4,removed,absent
537857,entity_e1,retained,equivalent
537857,entity_e2,retained,equivalent
537857,entity_e3,retained,equivalent
537857,entity_e4,removed,absent
537857,entity_e5,retained,equivalent
537857,entity_e6,retained,equivalent
537857,entity_e7,removed,absent
537857,entity_e8,removed,absent
537857,entity_e9,removed,absent
494141,entity_e1,retained,equivalent
494141,entity_e2,retained,equivalent
494141,entity_e3,retained,equivalent
494141,entity_e4,removed,absent
164497,entity_e1,retained,equivalent
164497,entity_e2,retained,equivalent
380203,entity_e1,retained,equivalent
380203,entity_e2,retained,equivalent
380203,entity_e3,removed,absent
380203,entity_e4,removed,absent
380203,entity_e5,removed,absent
380203,entity_e6,removed,absent
380203,entity_e7,removed,absent
380203,entity_e8,removed,absent
380203,entity_e9,removed,absent
380203,entity_e10,unresolved,unresolved
570101,entity_e1,retained,equivalent
570101,entity_e2,retained,equivalent
570101,entity_e3,removed,absent
570101,entity_e4,unresolved,collection_change
570101,entity_e7,removed,absent
570101,entity_e8,retained,equivalent
447553,entity_e1,retained,generalized
447553,entity_e2,retained,generalized
447553,entity_e3,retained,equivalent
447553,entity_e4,retained,equivalent
447553,entity_e5,retained,equivalent
447553,entity_e6,removed,absent
230739,entity_e1,retained,equivalent
230739,entity_e2,removed,absent
230739,entity_e3,removed,absent
230739,entity_e4,removed,absent
230739,entity_e5,removed,absent
230739,entity_e6,retained,equivalent
230739,entity_e7,removed,absent
230739,entity_e8,removed,absent
230739,entity_e9,retained,equivalent
230739,entity_e10,retained,equivalent
74789,entity_e1,retained,equivalent
74789,entity_e2,retained,equivalent
74789,entity_e3,retained,equivalent
198590,entity_e1,retained,equivalent
198590,entity_e3,retained,specialized
198590,entity_e4,retained,equivalent
198590,entity_e5,removed,absent
41438,entity_e1,removed,absent
41438,entity_e4,retained,equivalent
41438,entity_e6,retained,equivalent
235864,entity_e1,retained,equivalent
235864,entity_e2,retained,equivalent
235864,entity_e3,retained,equivalent
235864,entity_e4,retained,equivalent
235864,entity_e6,removed,absent
235864,entity_e8,removed,absent
133819,entity_e1,retained,equivalent
133819,entity_e2,retained,equivalent
133819,entity_e3,retained,equivalent
133819,entity_e4,retained,equivalent
133819,entity_e5,retained,equivalent
133819,entity_e8,removed,absent
30361,entity_e1,retained,equivalent
30361,entity_e2,retained,equivalent
30361,entity_e3,retained,equivalent
30361,entity_e4,unresolved,unresolved
30361,entity_e5,removed,absent
30361,entity_e6,retained,equivalent
281683,entity_e1,removed,absent
281683,entity_e2,retained,equivalent
281683,entity_e3,removed,absent
281683,entity_e4,removed,absent
281683,entity_e5,retained,equivalent
281683,entity_e6,retained,specialized
574280,entity_e1,retained,equivalent
574280,entity_e2,retained,equivalent
269942,entity_e1,retained,equivalent
269942,entity_e2,retained,equivalent
269942,entity_e3,removed,absent
269942,entity_e4,retained,equivalent
269942,entity_e5,retained,equivalent
269942,entity_e7,removed,absent
515391,entity_e1,retained,equivalent
515391,entity_e2,retained,equivalent
515391,entity_e3,retained,equivalent
515391,entity_e4,retained,equivalent
515391,entity_e5,removed,absent
572050,entity_e1,retained,equivalent
572050,entity_e2,removed,absent
572050,entity_e3,retained,equivalent
233023,entity_e1,retained,equivalent
233023,entity_e2,retained,equivalent
233023,entity_e3,retained,equivalent
233023,entity_e4,retained,equivalent
233023,entity_e6,removed,absent
230220,entity_e1,retained,equivalent
230220,entity_e2,removed,absent
230220,entity_e3,removed,absent
230220,entity_e4,retained,equivalent
230220,entity_e5,retained,equivalent
230220,entity_e6,retained,equivalent
381213,entity_e1,retained,equivalent
381213,entity_e2,retained,equivalent
381213,entity_e3,retained,equivalent
73201,entity_e1,retained,equivalent
73201,entity_e2,retained,equivalent
73201,entity_e3,retained,equivalent
73201,entity_e4,removed,absent
73201,entity_e5,removed,absent
73201,entity_e6,retained,equivalent
73201,entity_e7,removed,absent
73201,entity_e8,removed,absent
73201,entity_e9,removed,absent
73201,entity_e10,removed,absent
306879,entity_e1,retained,equivalent
306879,entity_e2,retained,equivalent
306879,entity_e3,retained,equivalent
306879,entity_e4,unresolved,collection_change
306879,entity_e5,removed,absent
306879,entity_e6,removed,absent
306879,entity_e7,removed,absent
519728,entity_e1,retained,equivalent
519728,entity_e2,retained,equivalent
519728,entity_e3,retained,equivalent
159736,entity_e1,retained,equivalent
159736,entity_e2,retained,equivalent
159736,entity_e4,retained,equivalent
159736,entity_e6,removed,absent
280888,entity_e1,retained,equivalent
280888,entity_e2,retained,equivalent
280888,entity_e3,removed,absent
280888,entity_e4,retained,equivalent
138119,entity_e1,retained,equivalent
138119,entity_e2,retained,equivalent
138119,entity_e3,retained,equivalent
138119,entity_e4,retained,equivalent
138119,entity_e5,retained,equivalent
138119,entity_e6,removed,absent
138119,entity_e7,removed,absent
454642,entity_e1,retained,equivalent
454642,entity_e2,retained,equivalent
454642,entity_e3,retained,equivalent
454642,entity_e4,removed,absent
454642,entity_e5,removed,absent
454642,entity_e6,retained,equivalent
454642,entity_e7,removed,absent
91349,entity_e1,retained,equivalent
91349,entity_e2,retained,equivalent
91349,entity_e3,retained,equivalent
91349,entity_e4,retained,equivalent
91349,entity_e5,retained,equivalent
91349,entity_e7,retained,equivalent
91349,entity_e11,removed,absent
110196,entity_e1,removed,absent
110196,entity_e2,retained,equivalent
110196,entity_e5,removed,absent
441614,entity_e1,retained,equivalent
441614,entity_e2,retained,equivalent
441614,entity_e3,removed,absent
441614,entity_e4,removed,absent
35966,entity_e1,retained,equivalent
35966,entity_e2,retained,equivalent
35966,entity_e3,retained,equivalent
35966,entity_e4,removed,absent
35966,entity_e5,retained,equivalent
35966,entity_e6,retained,equivalent
35966,entity_e7,retained,equivalent
35966,entity_e8,unresolved,collection_change
35966,entity_e9,removed,absent
458778,entity_e1,retained,specialized
458778,entity_e2,removed,absent
458778,entity_e3,retained,equivalent
458778,entity_e4,retained,equivalent
458778,entity_e5,retained,equivalent
458778,entity_e6,retained,equivalent
578383,entity_e1,retained,equivalent
578383,entity_e2,retained,equivalent
578383,entity_e3,retained,equivalent
578383,entity_e4,retained,equivalent
361521,entity_e1,retained,equivalent
361521,entity_e2,retained,equivalent
361521,entity_e3,removed,absent
361521,entity_e4,retained,specialized
361521,entity_e5,retained,equivalent
361521,entity_e6,retained,equivalent
340934,entity_e1,retained,equivalent
340934,entity_e2,unresolved,unresolved
340934,entity_e3,retained,equivalent
340934,entity_e4,unresolved,unresolved
340934,entity_e5,removed,absent
340934,entity_e6,removed,absent
340934,entity_e7,removed,absent
340934,entity_e8,removed,absent
340934,entity_e9,removed,absent
274298,entity_e1,unresolved,collection_change
274298,entity_e2,retained,equivalent
274298,entity_e3,removed,absent
274298,entity_e4,removed,absent
274298,entity_e5,removed,absent
467966,entity_e1,retained,equivalent
467966,entity_e3,retained,equivalent
467966,entity_e4,removed,absent
467966,entity_e5,removed,absent
467966,entity_e6,retained,equivalent
467966,entity_e7,removed,absent
448657,entity_e1,retained,equivalent
448657,entity_e2,retained,equivalent
448657,entity_e3,retained,equivalent
448657,entity_e4,removed,absent
448657,entity_e5,removed,absent
381925,entity_e1,retained,equivalent
381925,entity_e2,retained,equivalent
381925,entity_e4,removed,absent
381925,entity_e5,retained,equivalent
381925,entity_e6,retained,equivalent
381925,entity_e7,removed,absent
85162,entity_e1,retained,equivalent
85162,entity_e2,retained,equivalent
85162,entity_e3,retained,equivalent
85162,entity_e4,removed,absent
581863,entity_e1,retained,equivalent
581863,entity_e2,retained,equivalent
581863,entity_e3,retained,equivalent
581863,entity_e4,removed,absent
581863,entity_e6,removed,absent
567740,entity_e1,retained,equivalent
567740,entity_e2,retained,equivalent
567740,entity_e3,removed,absent
567740,entity_e4,retained,equivalent
567740,entity_e5,removed,absent
567740,entity_e6,retained,equivalent
327590,entity_e1,retained,equivalent
327590,entity_e2,retained,equivalent
327590,entity_e3,removed,absent
327590,entity_e4,removed,absent
327590,entity_e6,removed,absent
327590,entity_e7,retained,equivalent
32001,entity_e1,retained,equivalent
32001,entity_e2,retained,equivalent
32001,entity_e3,removed,absent
32001,entity_e4,retained,generalized
32001,entity_e5,retained,equivalent
32001,entity_e6,removed,absent
32001,entity_e7,retained,equivalent
32001,entity_e8,removed,absent
32001,entity_e9,retained,generalized
293545,entity_e1,retained,equivalent
293545,entity_e2,retained,equivalent
293545,entity_e4,retained,equivalent
293545,entity_e5,removed,absent
293545,entity_e6,retained,equivalent
293545,entity_e8,removed,absent
293545,entity_e9,removed,absent
523677,entity_e1,retained,equivalent
523677,entity_e2,removed,absent
523677,entity_e3,retained,equivalent
523677,entity_e4,retained,equivalent
523677,entity_e5,removed,absent
226404,entity_e1,retained,equivalent
226404,entity_e2,retained,equivalent
226404,entity_e3,unresolved,unresolved
226404,entity_e4,unresolved,unresolved
226404,entity_e5,unresolved,unresolved
226404,entity_e6,unresolved,collection_change
226404,entity_e7,removed,absent
226404,entity_e8,unresolved,collection_change
158414,entity_e2,removed,absent
158414,entity_e3,removed,absent
158414,entity_e4,removed,absent
49151,entity_e1,retained,generalized
49151,entity_e2,retained,equivalent
49151,entity_e3,removed,absent
49151,entity_e4,unresolved,collection_change
49151,entity_e5,removed,absent
49151,entity_e6,removed,absent
49151,entity_e7,removed,absent
49151,entity_e8,removed,absent
120340,entity_e1,retained,equivalent
120340,entity_e2,retained,equivalent
120340,entity_e3,removed,absent
120340,entity_e4,removed,absent
120340,entity_e5,removed,absent
120340,entity_e6,retained,equivalent
120340,entity_e7,removed,absent
120340,entity_e8,removed,absent
120340,entity_e9,removed,absent
572184,entity_e1,retained,equivalent
572184,entity_e2,retained,equivalent
214124,entity_e1,retained,equivalent
214124,entity_e2,retained,equivalent
214124,entity_e4,removed,absent
214124,entity_e5,removed,absent
474439,entity_e1,retained,equivalent
474439,entity_e2,retained,equivalent
474439,entity_e3,unresolved,unresolved
276971,entity_e1,retained,equivalent
276971,entity_e2,retained,equivalent
276971,entity_e6,removed,absent
276971,entity_e7,removed,absent
276971,entity_e8,removed,absent
276971,entity_e9,removed,absent
168583,entity_e1,retained,equivalent
168583,entity_e2,retained,equivalent
168583,entity_e3,retained,equivalent
168583,entity_e4,unresolved,unresolved
168583,entity_e5,retained,equivalent
168583,entity_e6,removed,absent
286591,entity_e1,removed,absent
286591,entity_e2,retained,equivalent
286591,entity_e3,removed,absent
286591,entity_e4,removed,absent
286591,entity_e5,removed,absent
417586,entity_e1,retained,equivalent
417586,entity_e2,retained,equivalent
417586,entity_e3,removed,absent
417586,entity_e4,removed,absent
417586,entity_e5,retained,equivalent
96034,entity_e2,retained,equivalent
168543,entity_e1,retained,equivalent
168543,entity_e2,unresolved,part_whole
168543,entity_e3,removed,absent
168543,entity_e5,removed,absent
89618,entity_e1,retained,equivalent
89618,entity_e2,unresolved,collection_change
89618,entity_e3,retained,equivalent
89618,entity_e4,removed,absent
89618,entity_e5,retained,equivalent
239005,entity_e1,retained,equivalent
239005,entity_e2,retained,equivalent
239005,entity_e3,retained,equivalent
476796,entity_e1,retained,equivalent
476796,entity_e2,removed,absent
476796,entity_e3,removed,absent
476796,entity_e4,removed,absent
372428,entity_e2,retained,equivalent
372428,entity_e3,retained,equivalent
483723,entity_e1,retained,equivalent
483723,entity_e2,unresolved,collection_change
483723,entity_e4,removed,absent
160004,entity_e1,retained,equivalent
160004,entity_e2,retained,generalized
160004,entity_e3,removed,absent
160004,entity_e4,removed,absent
160004,entity_e5,retained,equivalent
160004,entity_e7,retained,equivalent
160004,entity_e8,removed,absent
160004,entity_e10,retained,equivalent
160004,entity_e11,removed,absent
160004,entity_e12,removed,absent
246252,entity_e1,retained,equivalent
246252,entity_e2,retained,equivalent
246252,entity_e3,retained,equivalent
246252,entity_e4,retained,equivalent
246252,entity_e5,removed,absent
553747,entity_e1,unresolved,part_whole
553747,entity_e2,unresolved,unresolved
553747,entity_e3,removed,absent
553747,entity_e4,removed,absent
553747,entity_e5,removed,absent
553747,entity_e6,removed,absent
332777,entity_e1,retained,equivalent
332777,entity_e2,retained,generalized
332777,entity_e3,retained,equivalent
145073,entity_e1,retained,equivalent
145073,entity_e2,retained,equivalent
145073,entity_e3,retained,equivalent
370207,entity_e1,retained,equivalent
370207,entity_e2,retained,equivalent
370207,entity_e3,retained,equivalent
370207,entity_e4,retained,specialized
370207,entity_e5,retained,equivalent
370207,entity_e6,retained,equivalent
370207,entity_e7,retained,equivalent
370207,entity_e9,removed,absent
337055,entity_e1,retained,equivalent
337055,entity_e2,retained,equivalent
337055,entity_e3,removed,absent
337055,entity_e4,removed,absent
337055,entity_e5,removed,absent
337055,entity_e6,removed,absent
337055,entity_e7,retained,equivalent
337055,entity_e8,retained,equivalent
337055,entity_e9,removed,absent
169436,entity_e1,retained,equivalent
169436,entity_e2,retained,equivalent
169436,entity_e3,removed,absent
169436,entity_e4,retained,equivalent
169436,entity_e5,retained,specialized
169436,entity_e7,removed,absent
45644,entity_e1,retained,equivalent
45644,entity_e2,retained,equivalent
45644,entity_e3,retained,equivalent
45644,entity_e4,retained,equivalent
45644,entity_e6,removed,absent
265518,entity_e1,retained,equivalent
265518,entity_e2,retained,equivalent
265518,entity_e3,retained,equivalent
265518,entity_e4,unresolved,unresolved
265518,entity_e5,retained,equivalent
265518,entity_e6,removed,absent
265518,entity_e7,removed,absent
265518,entity_e8,retained,equivalent
265518,entity_e9,retained,equivalent
365208,entity_e1,retained,equivalent
365208,entity_e3,retained,equivalent
365208,entity_e4,retained,specialized
365208,entity_e5,removed,absent
221536,entity_e1,retained,equivalent
221536,entity_e2,retained,equivalent
221536,entity_e3,removed,absent
221536,entity_e4,retained,equivalent
298372,entity_e1,retained,equivalent
298372,entity_e2,retained,equivalent
298372,entity_e3,retained,specialized
388409,entity_e1,retained,equivalent
388409,entity_e2,retained,equivalent
388409,entity_e3,removed,absent
388409,entity_e4,removed,absent
388409,entity_e5,removed,absent
262092,entity_e1,retained,equivalent
262092,entity_e2,retained,equivalent
262092,entity_e3,retained,equivalent
262092,entity_e4,removed,absent
262092,entity_e5,removed,absent
262092,entity_e6,removed,absent
388829,entity_e1,retained,equivalent
388829,entity_e2,retained,equivalent
388829,entity_e3,retained,equivalent
388829,entity_e4,retained,equivalent
388829,entity_e5,retained,equivalent
262987,entity_e1,unresolved,unresolved
262987,entity_e3,unresolved,unresolved
262987,entity_e4,removed,absent
262987,entity_e6,removed,absent
501047,entity_e1,retained,equivalent
501047,entity_e2,retained,equivalent
501047,entity_e3,removed,absent
501047,entity_e4,removed,absent
501047,entity_e5,retained,equivalent
494014,entity_e1,retained,equivalent
494014,entity_e2,retained,equivalent
494014,entity_e3,unresolved,unresolved
494014,entity_e4,retained,equivalent
494014,entity_e5,removed,absent
494014,entity_e6,retained,equivalent
494014,entity_e7,retained,equivalent
581451,entity_e1,retained,equivalent
581451,entity_e2,removed,absent
581451,entity_e3,retained,equivalent
581451,entity_e5,removed,absent
581451,entity_e6,removed,absent
373089,entity_e1,retained,equivalent
373089,entity_e2,retained,equivalent
373089,entity_e3,retained,equivalent
373089,entity_e4,retained,equivalent
373089,entity_e5,retained,equivalent
351528,entity_e1,retained,equivalent
351528,entity_e4,retained,equivalent
351528,entity_e5,removed,absent
180917,entity_e1,retained,equivalent
180917,entity_e2,retained,equivalent
180917,entity_e3,removed,absent
180917,entity_e4,removed,absent
180917,entity_e5,retained,equivalent
180917,entity_e6,removed,absent
180917,entity_e7,removed,absent
71090,entity_e1,retained,equivalent
71090,entity_e2,retained,equivalent
71090,entity_e3,retained,equivalent
71090,entity_e4,removed,absent
483849,entity_e1,retained,equivalent
483849,entity_e2,retained,equivalent
483849,entity_e3,retained,equivalent
483849,entity_e5,retained,equivalent
483849,entity_e6,removed,absent
418623,entity_e1,retained,equivalent
418623,entity_e2,retained,equivalent
418623,entity_e3,retained,equivalent
418623,entity_e4,removed,absent
418623,entity_e5,unresolved,unresolved
418623,entity_e6,removed,absent
418623,entity_e8,removed,absent
418623,entity_e9,removed,absent
418623,entity_e10,removed,absent
528098,entity_e1,retained,equivalent
528098,entity_e2,retained,equivalent
528098,entity_e3,retained,equivalent
528098,entity_e4,retained,equivalent
528098,entity_e5,removed,absent
528098,entity_e6,retained,equivalent
528098,entity_e7,retained,equivalent
536720,entity_e1,retained,equivalent
536720,entity_e2,removed,absent
536720,entity_e3,retained,equivalent
536720,entity_e5,retained,equivalent
265096,entity_e1,retained,equivalent
265096,entity_e2,removed,absent
265096,entity_e3,removed,absent
265096,entity_e4,removed,absent
265096,entity_e5,removed,absent
265096,entity_e6,removed,absent
265096,entity_e7,retained,equivalent
405635,entity_e1,removed,absent
405635,entity_e2,removed,absent
405635,entity_e3,removed,absent
405635,entity_e4,removed,absent
405635,entity_e5,removed,absent
405635,entity_e6,removed,absent
405635,entity_e9,removed,absent
508580,entity_e1,unresolved,collection_change
508580,entity_e2,retained,equivalent
508580,entity_e3,removed,absent
508580,entity_e4,removed,absent
30273,entity_e1,retained,equivalent
30273,entity_e3,retained,specialized
30273,entity_e4,retained,specialized
30273,entity_e5,retained,equivalent
30273,entity_e6,retained,generalized
566324,entity_e1,retained,equivalent
566324,entity_e2,retained,equivalent
566324,entity_e3,retained,equivalent
566324,entity_e4,retained,specialized
566324,entity_e5,retained,equivalent
566324,entity_e6,retained,equivalent
566324,entity_e7,retained,equivalent
566324,entity_e8,retained,equivalent
566324,entity_e9,retained,equivalent
283119,entity_e1,retained,equivalent
283119,entity_e2,retained,equivalent
283119,entity_e3,retained,equivalent
283119,entity_e4,retained,equivalent
283119,entity_e5,removed,absent
283119,entity_e6,removed,absent
183965,entity_e1,retained,equivalent
183965,entity_e2,removed,absent
183965,entity_e3,removed,absent
183965,entity_e5,retained,equivalent
15113,entity_e1,retained,equivalent
15113,entity_e2,retained,equivalent
15113,entity_e3,retained,equivalent
15113,entity_e4,retained,equivalent
484346,entity_e1,retained,equivalent
484346,entity_e2,retained,equivalent
484346,entity_e3,retained,equivalent
484346,entity_e4,retained,generalized
142826,entity_e1,retained,equivalent
142826,entity_e2,retained,equivalent
142826,entity_e3,retained,equivalent
142826,entity_e4,retained,equivalent
142826,entity_e5,retained,equivalent
161022,entity_e1,retained,equivalent
161022,entity_e2,retained,equivalent
17409,entity_e1,retained,equivalent
17409,entity_e2,retained,equivalent
17409,entity_e3,retained,equivalent
17409,entity_e4,retained,equivalent
17409,entity_e5,retained,equivalent
422522,entity_e1,retained,generalized
422522,entity_e2,retained,equivalent
422522,entity_e3,retained,equivalent
422522,entity_e4,removed,absent
422522,entity_e5,removed,absent
456559,entity_e1,retained,equivalent
456559,entity_e2,retained,equivalent
456559,entity_e3,retained,equivalent
456559,entity_e4,retained,equivalent
456559,entity_e6,removed,absent
456559,entity_e7,removed,absent
240323,entity_e1,retained,equivalent
240323,entity_e2,retained,equivalent
240323,entity_e3,retained,equivalent
240323,entity_e5,retained,specialized
240323,entity_e6,retained,generalized
575901,entity_e1,retained,equivalent
575901,entity_e3,retained,equivalent
575901,entity_e4,retained,equivalent
575901,entity_e5,retained,equivalent
575901,entity_e7,retained,equivalent
575901,entity_e8,removed,absent
575901,entity_e9,removed,absent
575901,entity_e10,removed,absent
575901,entity_e11,removed,absent
316397,entity_e1,retained,equivalent
316397,entity_e2,removed,absent
316397,entity_e3,retained,equivalent
316397,entity_e6,retained,equivalent
316397,entity_e7,removed,absent
316397,entity_e8,retained,equivalent
344498,entity_e1,retained,equivalent
344498,entity_e2,retained,equivalent
344498,entity_e3,retained,equivalent
344498,entity_e4,retained,equivalent
344498,entity_e5,retained,equivalent
344498,entity_e6,retained,equivalent
344498,entity_e8,removed,absent
344498,entity_e9,retained,equivalent
344498,entity_e11,removed,absent
180167,entity_e1,retained,equivalent
180167,entity_e2,retained,equivalent
180167,entity_e3,removed,absent
180167,entity_e4,retained,equivalent
143132,entity_e1,retained,equivalent
143132,entity_e2,retained,equivalent
143132,entity_e3,retained,equivalent
143132,entity_e4,removed,absent
443218,entity_e1,retained,generalized
443218,entity_e2,retained,equivalent
443218,entity_e3,retained,equivalent
443218,entity_e4,retained,equivalent
443218,entity_e5,retained,equivalent
443218,entity_e6,retained,equivalent
331883,entity_e1,retained,equivalent
331883,entity_e2,retained,equivalent
331883,entity_e4,removed,absent
331883,entity_e5,removed,absent
331883,entity_e6,removed,absent
331883,entity_e7,removed,absent
132317,entity_e1,retained,equivalent
132317,entity_e2,retained,equivalent
132317,entity_e3,removed,absent
132317,entity_e4,removed,absent
132317,entity_e5,removed,absent
132317,entity_e6,removed,absent
150639,entity_e1,retained,equivalent
150639,entity_e2,retained,equivalent
150639,entity_e3,removed,absent
150639,entity_e4,retained,equivalent
150639,entity_e5,retained,equivalent
150639,entity_e7,removed,absent
237759,entity_e1,retained,equivalent
237759,entity_e2,removed,absent
237759,entity_e3,retained,equivalent
237759,entity_e4,retained,equivalent
237759,entity_e5,retained,equivalent
237759,entity_e6,retained,equivalent
237759,entity_e7,removed,absent
259422,entity_e1,retained,equivalent
259422,entity_e2,unresolved,collection_change
259422,entity_e3,retained,equivalent
259422,entity_e4,unresolved,unresolved
259422,entity_e5,retained,equivalent
259422,entity_e6,removed,absent
259422,entity_e7,retained,equivalent
259422,entity_e8,retained,equivalent
236747,entity_e1,retained,equivalent
236747,entity_e2,unresolved,unresolved
236747,entity_e3,unresolved,unresolved
236747,entity_e4,removed,absent
236747,entity_e5,removed,absent
236747,entity_e6,removed,absent
209322,entity_e1,retained,equivalent
209322,entity_e2,removed,absent
209322,entity_e3,retained,equivalent
209322,entity_e4,removed,absent
209322,entity_e6,retained,generalized
209322,entity_e7,removed,absent
209322,entity_e8,removed,absent
84701,entity_e1,retained,equivalent
84701,entity_e2,removed,absent
84701,entity_e3,removed,absent
84701,entity_e4,retained,equivalent
84701,entity_e5,retained,equivalent
84701,entity_e7,retained,equivalent
84701,entity_e8,retained,equivalent
84701,entity_e9,removed,absent
84701,entity_e10,removed,absent
357501,entity_e1,retained,equivalent
357501,entity_e2,unresolved,part_whole
357501,entity_e3,unresolved,collection_change
357501,entity_e4,removed,absent
213432,entity_e1,retained,equivalent
213432,entity_e2,retained,equivalent
213432,entity_e3,retained,equivalent
213432,entity_e4,removed,absent
99581,entity_e1,retained,equivalent
99581,entity_e2,retained,equivalent
99581,entity_e3,retained,equivalent
99581,entity_e4,removed,absent
497867,entity_e1,retained,equivalent
497867,entity_e2,removed,absent
497867,entity_e3,removed,absent
497867,entity_e5,removed,absent
497867,entity_e6,removed,absent
298812,entity_e1,retained,equivalent
298812,entity_e2,retained,equivalent
298812,entity_e3,retained,equivalent
298812,entity_e4,removed,absent
298812,entity_e5,retained,equivalent
298812,entity_e6,removed,absent
554114,entity_e1,retained,equivalent
554114,entity_e2,retained,equivalent
554114,entity_e3,retained,generalized
554114,entity_e4,retained,equivalent
554114,entity_e5,retained,equivalent
554114,entity_e6,removed,absent
554114,entity_e9,removed,absent
365099,entity_e1,retained,generalized
365099,entity_e2,retained,equivalent
365099,entity_e3,removed,absent
365099,entity_e4,retained,equivalent
365099,entity_e6,removed,absent
365099,entity_e7,removed,absent
317188,entity_e1,retained,equivalent
317188,entity_e2,retained,equivalent
317188,entity_e3,retained,equivalent
317188,entity_e4,retained,equivalent
317188,entity_e5,removed,absent
317188,entity_e6,removed,absent
317188,entity_e7,removed,absent
265462,entity_e1,retained,equivalent
265462,entity_e2,retained,equivalent
265462,entity_e3,removed,absent
469638,entity_e1,retained,equivalent
469638,entity_e2,retained,equivalent
469638,entity_e3,retained,equivalent
469638,entity_e4,retained,equivalent
469638,entity_e5,removed,absent
469638,entity_e7,removed,absent
469638,entity_e8,removed,absent
469638,entity_e9,removed,absent
469638,entity_e10,removed,absent
190395,entity_e1,retained,equivalent
190395,entity_e2,retained,equivalent
190395,entity_e3,removed,absent
190395,entity_e6,removed,absent
544638,entity_e1,retained,equivalent
544638,entity_e2,retained,equivalent
544638,entity_e3,unresolved,unresolved
544638,entity_e5,removed,absent
19079,entity_e1,retained,equivalent
19079,entity_e2,unresolved,collection_change
19079,entity_e5,removed,absent
435081,entity_e1,retained,equivalent
435081,entity_e2,retained,equivalent
435081,entity_e3,removed,absent
435081,entity_e4,retained,equivalent
435081,entity_e6,retained,equivalent
324789,entity_e2,retained,generalized
324789,entity_e3,retained,equivalent
324789,entity_e4,retained,equivalent
324789,entity_e5,retained,generalized
256003,entity_e1,removed,absent
256003,entity_e2,retained,equivalent
256003,entity_e3,retained,equivalent
256003,entity_e4,removed,absent
321217,entity_e1,retained,equivalent
321217,entity_e2,retained,equivalent
321217,entity_e3,removed,absent
321217,entity_e4,retained,equivalent
321217,entity_e5,retained,equivalent
321217,entity_e6,removed,absent
338419,entity_e1,retained,equivalent
338419,entity_e2,retained,equivalent
338419,entity_e3,retained,equivalent
360487,entity_e1,retained,equivalent
360487,entity_e2,retained,equivalent
360487,entity_e3,retained,equivalent
360487,entity_e4,unresolved,part_whole
58029,entity_e1,retained,equivalent
58029,entity_e2,removed,absent
58029,entity_e3,removed,absent
58029,entity_e4,removed,absent
58029,entity_e5,removed,absent
428975,entity_e1,retained,equivalent
428975,entity_e2,retained,equivalent
428975,entity_e3,retained,equivalent
428975,entity_e4,removed,absent
46463,entity_e1,retained,equivalent
46463,entity_e2,retained,equivalent
46463,entity_e3,retained,equivalent
46463,entity_e4,retained,equivalent
46463,entity_e5,retained,equivalent
46463,entity_e6,removed,absent
371005,entity_e1,retained,equivalent
371005,entity_e2,retained,equivalent
371005,entity_e3,retained,equivalent
191054,entity_e1,retained,equivalent
191054,entity_e2,retained,equivalent
191054,entity_e3,unresolved,unresolved
191054,entity_e4,removed,absent
191054,entity_e5,retained,equivalent
191054,entity_e6,retained,equivalent
191054,entity_e7,removed,absent
22461,entity_e2,retained,equivalent
22461,entity_e3,retained,equivalent
22461,entity_e4,retained,generalized
22461,entity_e5,unresolved,collection_change
8899,entity_e1,retained,equivalent
8899,entity_e2,retained,equivalent
8899,entity_e3,retained,equivalent
8899,entity_e4,removed,absent
8899,entity_e5,retained,equivalent
8899,entity_e6,removed,absent
506441,entity_e1,retained,generalized
506441,entity_e2,retained,equivalent
506441,entity_e3,retained,equivalent
506441,entity_e4,retained,equivalent
506441,entity_e5,retained,generalized
506441,entity_e6,retained,equivalent
506441,entity_e7,retained,equivalent
506441,entity_e8,removed,absent
438364,entity_e1,retained,equivalent
438364,entity_e2,retained,equivalent
438364,entity_e3,removed,absent
438364,entity_e4,removed,absent
93620,entity_e1,retained,equivalent
93620,entity_e2,removed,absent
93620,entity_e3,removed,absent
93620,entity_e4,unresolved,unresolved
93620,entity_e5,unresolved,unresolved
93620,entity_e6,removed,absent
93620,entity_e7,retained,equivalent
93620,entity_e8,retained,equivalent
93620,entity_e9,unresolved,unresolved
93620,entity_e10,unresolved,unresolved
93620,entity_e11,unresolved,unresolved
154173,entity_e1,retained,equivalent
154173,entity_e2,retained,equivalent
154173,entity_e3,retained,equivalent
237517,entity_e1,retained,equivalent
237517,entity_e2,removed,absent
237517,entity_e3,removed,absent
237517,entity_e4,retained,equivalent
237517,entity_e5,retained,equivalent
237517,entity_e6,retained,equivalent
237517,entity_e7,removed,absent
237517,entity_e8,removed,absent
237517,entity_e9,unresolved,collection_change
237517,entity_e10,removed,absent
237517,entity_e11,retained,equivalent
237517,entity_e12,retained,equivalent
237517,entity_e13,removed,absent
551665,entity_e1,retained,equivalent
551665,entity_e2,retained,equivalent
551665,entity_e3,removed,absent
551665,entity_e4,retained,equivalent
551665,entity_e5,removed,absent
551665,entity_e6,removed,absent
551665,entity_e7,removed,absent
551665,entity_e8,retained,equivalent
442136,entity_e1,retained,equivalent
442136,entity_e2,retained,equivalent
442136,entity_e3,retained,generalized
442136,entity_e4,retained,equivalent
442136,entity_e5,retained,equivalent
442136,entity_e6,removed,absent
442136,entity_e7,removed,absent
442136,entity_e8,removed,absent
249883,entity_e1,retained,equivalent
249883,entity_e2,retained,equivalent
249883,entity_e3,unresolved,unresolved
249883,entity_e4,retained,equivalent
249883,entity_e5,retained,equivalent
249883,entity_e6,removed,absent
564003,entity_e1,retained,equivalent
564003,entity_e2,removed,absent
564003,entity_e3,removed,absent
564003,entity_e5,retained,equivalent
564003,entity_e6,removed,absent
564003,entity_e7,removed,absent
6460,entity_e1,retained,equivalent
6460,entity_e2,retained,equivalent
6460,entity_e3,removed,absent
6460,entity_e4,retained,equivalent
6460,entity_e5,retained,equivalent
209548,entity_e1,retained,equivalent
209548,entity_e2,retained,equivalent
209548,entity_e3,retained,equivalent
209548,entity_e4,retained,generalized
209548,entity_e5,removed,absent
209548,entity_e6,retained,equivalent
275501,entity_e1,retained,equivalent
275501,entity_e2,retained,equivalent
275501,entity_e3,removed,absent
275501,entity_e4,removed,absent
275501,entity_e5,removed,absent
316617,entity_e1,retained,equivalent
316617,entity_e2,retained,equivalent
316617,entity_e3,removed,absent
316617,entity_e4,retained,equivalent
316617,entity_e5,removed,absent
316617,entity_e6,removed,absent
316617,entity_e7,removed,absent
316617,entity_e8,removed,absent
279634,entity_e1,retained,equivalent
279634,entity_e2,retained,equivalent
279634,entity_e3,retained,equivalent
279634,entity_e4,removed,absent
279634,entity_e5,retained,equivalent
279634,entity_e6,retained,equivalent
245173,entity_e1,retained,equivalent
245173,entity_e2,retained,equivalent
245173,entity_e3,retained,equivalent
245173,entity_e4,retained,equivalent
245173,entity_e5,retained,equivalent
245173,entity_e9,removed,absent
245173,entity_e10,removed,absent
522478,entity_e1,retained,equivalent
522478,entity_e2,retained,equivalent
522478,entity_e3,retained,equivalent
424712,entity_e1,retained,equivalent
424712,entity_e2,retained,equivalent
424712,entity_e3,retained,equivalent
424712,entity_e4,removed,absent
424712,entity_e5,removed,absent
424712,entity_e6,removed,absent
281628,entity_e1,retained,equivalent
281628,entity_e2,retained,equivalent
281628,entity_e3,retained,equivalent
281628,entity_e4,removed,absent
281628,entity_e5,removed,absent
281628,entity_e8,removed,absent
281628,entity_e10,removed,absent
236868,entity_e1,unresolved,collection_change
236868,entity_e2,retained,equivalent
236868,entity_e3,retained,equivalent
236868,entity_e4,removed,absent
236868,entity_e5,removed,absent
236868,entity_e6,removed,absent
522032,entity_e1,retained,equivalent
522032,entity_e3,retained,equivalent
522032,entity_e4,removed,absent
567171,entity_e1,retained,equivalent
567171,entity_e2,retained,equivalent
567171,entity_e3,removed,absent
567171,entity_e4,retained,equivalent
567171,entity_e5,retained,equivalent
567171,entity_e6,retained,equivalent
567171,entity_e8,removed,absent
559550,entity_e1,removed,absent
559550,entity_e2,retained,equivalent
559550,entity_e3,retained,equivalent
559550,entity_e4,removed,absent
559550,entity_e5,unresolved,unresolved
559550,entity_e6,removed,absent
559550,entity_e7,removed,absent
559550,entity_e8,removed,absent
559550,entity_e9,removed,absent
201141,entity_e1,retained,equivalent
201141,entity_e2,retained,equivalent
201141,entity_e3,retained,equivalent
201141,entity_e4,retained,equivalent
201141,entity_e5,removed,absent
201141,entity_e6,retained,equivalent
201141,entity_e7,removed,absent
201141,entity_e8,removed,absent
201141,entity_e9,removed,absent
201141,entity_e10,removed,absent
201141,entity_e11,removed,absent
317479,entity_e1,retained,generalized
317479,entity_e2,removed,absent
317479,entity_e3,retained,equivalent
317479,entity_e4,removed,absent
317479,entity_e5,removed,absent
317479,entity_e6,retained,equivalent
317479,entity_e7,retained,equivalent
317479,entity_e8,removed,absent
236246,entity_e1,removed,absent
236246,entity_e2,retained,equivalent
236246,entity_e3,retained,equivalent
236246,entity_e4,retained,equivalent
236246,entity_e5,retained,equivalent
236246,entity_e6,retained,equivalent
236246,entity_e7,removed,absent
402588,entity_e1,removed,absent
402588,entity_e2,retained,equivalent
402588,entity_e3,retained,equivalent
402588,entity_e4,unresolved,unresolved
402588,entity_e5,retained,equivalent
402588,entity_e6,retained,equivalent
402588,entity_e7,unresolved,unresolved
401862,entity_e1,retained,equivalent
401862,entity_e2,retained,equivalent
401862,entity_e3,removed,absent
401862,entity_e4,removed,absent
401862,entity_e6,removed,absent
141256,entity_e1,unresolved,unresolved
141256,entity_e2,retained,equivalent
141256,entity_e3,unresolved,collection_change
141256,entity_e4,unresolved,unresolved
141256,entity_e5,retained,equivalent
141256,entity_e6,unresolved,unresolved
141256,entity_e7,unresolved,unresolved
141256,entity_e8,removed,absent
141256,entity_e9,unresolved,unresolved
141256,entity_e10,unresolved,unresolved
409009,entity_e1,retained,generalized
409009,entity_e2,retained,equivalent
409009,entity_e3,retained,equivalent
409009,entity_e4,removed,absent
438426,entity_e1,retained,generalized
438426,entity_e2,retained,equivalent
438426,entity_e3,retained,equivalent
438426,entity_e4,removed,absent
10837,entity_e1,retained,equivalent
10837,entity_e2,retained,equivalent
10837,entity_e3,retained,equivalent
10837,entity_e4,retained,equivalent
568814,entity_e1,retained,equivalent
568814,entity_e2,removed,absent
568814,entity_e3,retained,equivalent
568814,entity_e4,removed,absent
568814,entity_e5,removed,absent
568814,entity_e8,removed,absent
568814,entity_e9,retained,equivalent
568814,entity_e10,removed,absent
568814,entity_e11,removed,absent
568814,entity_e12,removed,absent
568814,entity_e13,removed,absent
565761,entity_e1,retained,equivalent
565761,entity_e2,unresolved,unresolved
565761,entity_e3,unresolved,unresolved
565761,entity_e4,retained,equivalent
565761,entity_e5,removed,absent
565761,entity_e6,removed,absent
565761,entity_e7,retained,equivalent
565761,entity_e8,retained,equivalent
565761,entity_e9,removed,absent
565761,entity_e10,removed,absent
1682,entity_e1,retained,specialized
1682,entity_e2,retained,equivalent
415015,entity_e1,retained,equivalent
415015,entity_e2,retained,equivalent
415015,entity_e3,removed,absent
415015,entity_e4,removed,absent
415015,entity_e6,retained,equivalent
76484,entity_e1,retained,equivalent
76484,entity_e2,retained,equivalent
232679,entity_e1,retained,equivalent
232679,entity_e2,retained,specialized
232679,entity_e3,retained,equivalent
232679,entity_e4,removed,absent
232679,entity_e5,removed,absent
232679,entity_e6,removed,absent
555412,entity_e1,retained,equivalent
555412,entity_e2,retained,equivalent
69946,entity_e1,retained,equivalent
69946,entity_e2,retained,equivalent
69946,entity_e3,retained,equivalent
69946,entity_e4,removed,absent
69946,entity_e6,removed,absent
430973,entity_e1,retained,equivalent
430973,entity_e2,removed,absent
430973,entity_e3,retained,equivalent
430973,entity_e4,retained,generalized
226802,entity_e1,retained,equivalent
226802,entity_e2,retained,generalized
226802,entity_e3,removed,absent
226802,entity_e4,removed,absent
226802,entity_e5,retained,equivalent
226802,entity_e8,removed,absent
116887,entity_e1,retained,equivalent
116887,entity_e2,unresolved,collection_change
116887,entity_e3,removed,absent
116887,entity_e4,unresolved,unresolved
116887,entity_e5,retained,equivalent
116887,entity_e6,removed,absent
116887,entity_e8,removed,absent
116887,entity_e9,removed,absent
49444,entity_e1,retained,equivalent
49444,entity_e2,removed,absent
49444,entity_e3,removed,absent
49444,entity_e4,retained,equivalent
49444,entity_e5,retained,equivalent
49444,entity_e6,removed,absent
381658,entity_e1,retained,equivalent
381658,entity_e2,retained,equivalent
381658,entity_e3,removed,absent
570659,entity_e1,retained,equivalent
570659,entity_e2,retained,equivalent
570659,entity_e3,removed,absent
570659,entity_e4,retained,equivalent
570659,entity_e5,retained,equivalent
570659,entity_e6,removed,absent
570659,entity_e8,retained,equivalent
570659,entity_e9,retained,equivalent
570659,entity_e12,removed,absent
570659,entity_e13,retained,equivalent
84477,entity_e1,retained,equivalent
84477,entity_e2,retained,equivalent
84477,entity_e3,retained,equivalent
84477,entity_e4,retained,equivalent
84477,entity_e5,removed,absent
84477,entity_e6,removed,absent
84477,entity_e8,removed,absent
84477,entity_e9,removed,absent
210394,entity_e1,retained,equivalent
210394,entity_e2,retained,equivalent
210394,entity_e3,retained,equivalent
210394,entity_e4,retained,equivalent
210394,entity_e5,retained,equivalent
210394,entity_e6,retained,equivalent
210394,entity_e7,retained,equivalent
66841,entity_e1,retained,generalized
66841,entity_e3,retained,equivalent
66841,entity_e4,removed,absent
66841,entity_e5,removed,absent
469134,entity_e1,retained,equivalent
469134,entity_e2,retained,equivalent
469134,entity_e3,retained,equivalent
469134,entity_e5,removed,absent
469134,entity_e6,retained,equivalent
120234,entity_e1,retained,equivalent
120234,entity_e2,retained,equivalent
120234,entity_e4,retained,equivalent
120234,entity_e5,removed,absent
197666,entity_e1,retained,equivalent
197666,entity_e2,retained,equivalent
197666,entity_e3,removed,absent
197666,entity_e4,removed,absent
197666,entity_e5,retained,equivalent
275448,entity_e1,retained,equivalent
275448,entity_e2,retained,equivalent
275448,entity_e3,retained,equivalent
275448,entity_e4,retained,equivalent
275448,entity_e5,removed,absent
275448,entity_e7,removed,absent
506187,entity_e1,retained,equivalent
506187,entity_e2,retained,equivalent
506187,entity_e3,retained,equivalent
299776,entity_e1,retained,equivalent
299776,entity_e2,retained,equivalent
299776,entity_e3,retained,equivalent
299776,entity_e6,removed,absent
299776,entity_e7,removed,absent
419697,entity_e1,retained,equivalent
419697,entity_e2,retained,equivalent
419697,entity_e3,retained,equivalent
419697,entity_e4,removed,absent
419697,entity_e5,removed,absent
419697,entity_e6,removed,absent
212421,entity_e1,retained,equivalent
212421,entity_e2,retained,equivalent
212421,entity_e3,retained,equivalent
212421,entity_e4,retained,equivalent
212421,entity_e6,removed,absent
530600,entity_e1,retained,equivalent
530600,entity_e2,removed,absent
530600,entity_e3,retained,equivalent
530600,entity_e4,retained,equivalent
445233,entity_e1,retained,equivalent
445233,entity_e2,retained,equivalent
445233,entity_e3,retained,equivalent
445233,entity_e4,removed,absent
445233,entity_e5,removed,absent
445233,entity_e6,retained,equivalent
445233,entity_e7,removed,absent
445233,entity_e9,retained,equivalent
445233,entity_e10,removed,absent
285894,entity_e1,retained,specialized
285894,entity_e2,retained,equivalent
285894,entity_e3,removed,absent
285894,entity_e4,removed,absent
285894,entity_e5,removed,absent
285894,entity_e6,retained,equivalent
285894,entity_e7,removed,absent
285894,entity_e8,removed,absent
285894,entity_e9,removed,absent
277094,entity_e1,retained,generalized
277094,entity_e2,unresolved,unresolved
277094,entity_e3,removed,absent
277094,entity_e4,removed,absent
277094,entity_e5,retained,equivalent
277094,entity_e6,retained,equivalent
277094,entity_e8,retained,equivalent
1404,entity_e1,retained,specialized
1404,entity_e2,retained,equivalent
1404,entity_e3,retained,equivalent
1404,entity_e4,unresolved,unresolved
1404,entity_e5,removed,absent
65350,entity_e1,retained,equivalent
65350,entity_e2,retained,equivalent
65350,entity_e3,removed,absent
65350,entity_e4,retained,equivalent
65350,entity_e5,removed,absent
65350,entity_e6,removed,absent
65350,entity_e7,removed,absent
65350,entity_e8,removed,absent
242422,entity_e1,retained,equivalent
242422,entity_e2,retained,equivalent
242422,entity_e3,retained,equivalent
242422,entity_e4,retained,equivalent
242422,entity_e5,retained,equivalent
242422,entity_e6,removed,absent
242422,entity_e8,retained,equivalent
242422,entity_e10,removed,absent
409346,entity_e1,retained,equivalent
409346,entity_e2,retained,equivalent
409346,entity_e3,retained,equivalent
409346,entity_e4,retained,equivalent
409346,entity_e5,retained,equivalent
409346,entity_e6,removed,absent
409346,entity_e7,removed,absent
409346,entity_e8,retained,equivalent
409346,entity_e9,removed,absent
350160,entity_e1,retained,generalized
350160,entity_e2,retained,equivalent
350160,entity_e3,retained,equivalent
350160,entity_e4,removed,absent
350160,entity_e5,retained,specialized
180411,entity_e1,retained,generalized
180411,entity_e2,removed,absent
180411,entity_e3,retained,equivalent
180411,entity_e4,removed,absent
210408,entity_e1,retained,equivalent
210408,entity_e2,retained,equivalent
210408,entity_e3,retained,equivalent
210408,entity_e4,retained,equivalent
210408,entity_e6,retained,equivalent
563153,entity_e1,retained,generalized
563153,entity_e2,retained,equivalent
563153,entity_e3,retained,equivalent
408501,entity_e1,retained,equivalent
408501,entity_e2,retained,equivalent
408501,entity_e3,retained,equivalent
61715,entity_e1,retained,equivalent
61715,entity_e2,retained,equivalent
61715,entity_e3,retained,equivalent
61715,entity_e4,retained,equivalent
443844,entity_e1,retained,equivalent
443844,entity_e2,retained,equivalent
443844,entity_e3,retained,equivalent
443844,entity_e4,retained,equivalent
443844,entity_e5,removed,absent
32284,entity_e1,retained,equivalent
32284,entity_e2,retained,equivalent
32284,entity_e3,removed,absent
32284,entity_e4,removed,absent
32284,entity_e5,removed,absent
482742,entity_e1,retained,equivalent
482742,entity_e2,retained,equivalent
482742,entity_e3,retained,equivalent
482742,entity_e4,retained,specialized
482742,entity_e5,removed,absent
482742,entity_e7,removed,absent
482742,entity_e8,retained,equivalent
482742,entity_e10,removed,absent
450500,entity_e1,retained,equivalent
450500,entity_e2,retained,generalized
450500,entity_e3,retained,equivalent
450500,entity_e4,retained,equivalent
450500,entity_e5,retained,equivalent
450500,entity_e6,retained,equivalent
450500,entity_e7,removed,absent
450500,entity_e8,removed,absent
450500,entity_e9,removed,absent
450500,entity_e10,removed,absent
317531,entity_e1,retained,equivalent
317531,entity_e2,retained,equivalent
317531,entity_e3,removed,absent
317531,entity_e4,removed,absent
128515,entity_e1,retained,equivalent
128515,entity_e2,retained,equivalent
128515,entity_e3,retained,equivalent
128515,entity_e5,removed,absent
128515,entity_e6,retained,specialized
128515,entity_e7,retained,equivalent
25846,entity_e1,retained,equivalent
25846,entity_e2,removed,absent
25846,entity_e3,retained,equivalent
25846,entity_e4,removed,absent
25846,entity_e5,removed,absent
25846,entity_e6,removed,absent
25846,entity_e7,retained,equivalent
25846,entity_e8,removed,absent
25846,entity_e9,removed,absent
484432,entity_e1,retained,specialized
484432,entity_e2,removed,absent
484432,entity_e3,retained,equivalent
484432,entity_e4,retained,equivalent
484432,entity_e5,removed,absent
484432,entity_e6,retained,equivalent
484432,entity_e7,retained,equivalent
221914,entity_e1,retained,specialized
221914,entity_e2,removed,absent
221914,entity_e3,retained,equivalent
221914,entity_e4,removed,absent
221914,entity_e5,removed,absent
450849,entity_e1,retained,equivalent
450849,entity_e2,retained,equivalent
450849,entity_e3,removed,absent
450849,entity_e6,removed,absent
450849,entity_e9,removed,absent
319726,entity_e1,retained,equivalent
319726,entity_e2,retained,equivalent
319726,entity_e3,retained,equivalent
319726,entity_e4,retained,equivalent
319726,entity_e5,retained,equivalent
319726,entity_e6,removed,absent
319726,entity_e7,removed,absent
319726,entity_e10,removed,absent
319726,entity_e11,retained,equivalent
276066,entity_e1,retained,equivalent
276066,entity_e2,retained,equivalent
276066,entity_e3,removed,absent
276066,entity_e4,removed,absent
276066,entity_e5,retained,equivalent
276066,entity_e6,removed,absent
116202,entity_e1,retained,equivalent
116202,entity_e2,removed,absent
116202,entity_e3,retained,equivalent
116202,entity_e4,retained,equivalent
92679,entity_e1,unresolved,unresolved
92679,entity_e2,unresolved,unresolved
92679,entity_e3,retained,equivalent
92679,entity_e4,removed,absent
92679,entity_e5,retained,equivalent
92679,entity_e6,retained,equivalent
1180,entity_e1,removed,absent
1180,entity_e2,retained,equivalent
1180,entity_e3,retained,equivalent
1180,entity_e4,retained,equivalent
1180,entity_e7,removed,absent
1180,entity_e8,unresolved,unresolved
1180,entity_e9,removed,absent
1180,entity_e10,unresolved,unresolved
296960,entity_e1,retained,equivalent
296960,entity_e2,removed,absent
296960,entity_e3,removed,absent
296960,entity_e5,retained,equivalent
369190,entity_e1,retained,generalized
369190,entity_e2,retained,equivalent
369190,entity_e4,unresolved,collection_change
369190,entity_e5,removed,absent
306335,entity_e1,retained,equivalent
306335,entity_e2,retained,equivalent
306335,entity_e3,retained,equivalent
306335,entity_e5,removed,absent
306335,entity_e6,removed,absent
103485,entity_e1,retained,generalized
103485,entity_e2,retained,equivalent
103485,entity_e3,removed,absent
103485,entity_e5,removed,absent
519838,entity_e1,retained,equivalent
519838,entity_e2,retained,equivalent
519838,entity_e3,retained,equivalent
519838,entity_e4,retained,equivalent
519838,entity_e5,removed,absent
519838,entity_e7,removed,absent
519838,entity_e9,removed,absent
228867,entity_e1,retained,generalized
228867,entity_e2,retained,generalized
228867,entity_e3,retained,equivalent
228867,entity_e4,removed,absent
228867,entity_e5,removed,absent
228867,entity_e6,retained,specialized
228867,entity_e9,removed,absent
228867,entity_e10,removed,absent
281331,entity_e1,retained,equivalent
281331,entity_e2,retained,equivalent
281331,entity_e3,retained,equivalent
281331,entity_e4,removed,absent
281331,entity_e5,retained,equivalent
43947,entity_e1,retained,equivalent
43947,entity_e2,removed,absent
43947,entity_e3,retained,equivalent
331180,entity_e1,retained,equivalent
331180,entity_e2,retained,equivalent
331180,entity_e4,retained,equivalent
331180,entity_e5,retained,equivalent
331180,entity_e6,removed,absent
331180,entity_e7,retained,equivalent
262531,entity_e1,retained,equivalent
262531,entity_e2,retained,equivalent
262531,entity_e3,retained,equivalent
262531,entity_e4,retained,equivalent
262531,entity_e5,removed,absent
262531,entity_e6,retained,equivalent
262531,entity_e8,retained,equivalent
53748,entity_e1,retained,equivalent
53748,entity_e2,retained,generalized
53748,entity_e3,retained,equivalent
53748,entity_e4,retained,equivalent
53748,entity_e5,removed,absent
53748,entity_e6,removed,absent
53748,entity_e7,removed,absent
53748,entity_e8,removed,absent
521869,entity_e1,retained,equivalent
521869,entity_e2,retained,equivalent
521869,entity_e3,removed,absent
521869,entity_e4,retained,equivalent
521869,entity_e5,removed,absent
462687,entity_e1,retained,equivalent
462687,entity_e2,retained,generalized
462687,entity_e3,removed,absent
462687,entity_e5,removed,absent
462687,entity_e6,removed,absent
462687,entity_e8,retained,generalized
462687,entity_e10,removed,absent
462687,entity_e12,removed,absent
138549,entity_e1,retained,generalized
138549,entity_e2,retained,generalized
138549,entity_e3,retained,equivalent
138549,entity_e4,removed,absent
138549,entity_e5,unresolved,collection_change
138549,entity_e6,retained,equivalent
138549,entity_e8,removed,absent
1960,entity_e1,retained,equivalent
1960,entity_e2,retained,equivalent
1960,entity_e3,retained,equivalent
1960,entity_e4,retained,equivalent
1960,entity_e5,retained,equivalent
1960,entity_e6,retained,equivalent
1960,entity_e7,removed,absent
446799,entity_e1,retained,equivalent
446799,entity_e2,retained,generalized
446799,entity_e3,retained,equivalent
446799,entity_e4,removed,absent
446799,entity_e5,unresolved,collection_change
446799,entity_e6,removed,absent
323799,entity_e1,retained,equivalent
323799,entity_e2,removed,absent
323799,entity_e3,removed,absent
323799,entity_e4,retained,equivalent
323799,entity_e5,retained,equivalent
162530,entity_e1,retained,equivalent
162530,entity_e2,retained,equivalent
162530,entity_e4,removed,absent
162530,entity_e5,removed,absent
162530,entity_e6,removed,absent
162530,entity_e7,removed,absent
113333,entity_e1,retained,generalized
113333,entity_e2,retained,equivalent
113333,entity_e3,removed,absent
113333,entity_e4,retained,equivalent
113333,entity_e5,retained,equivalent
113333,entity_e7,retained,equivalent
113333,entity_e10,removed,absent
377195,entity_e1,retained,specialized
377195,entity_e2,retained,equivalent
377195,entity_e4,retained,equivalent
377195,entity_e5,retained,equivalent
377195,entity_e6,retained,equivalent
169273,entity_e1,retained,equivalent
169273,entity_e2,retained,specialized
169273,entity_e3,removed,absent
169273,entity_e4,removed,absent
251367,entity_e1,retained,equivalent
251367,entity_e2,removed,absent
251367,entity_e3,retained,equivalent
251367,entity_e4,removed,absent
251367,entity_e5,removed,absent
251367,entity_e6,removed,absent
251367,entity_e7,removed,absent
251367,entity_e9,removed,absent
251367,entity_e10,removed,absent
251367,entity_e11,removed,absent
251367,entity_e12,removed,absent
251367,entity_e14,removed,absent
216243,entity_e1,retained,equivalent
216243,entity_e2,retained,equivalent
216243,entity_e3,retained,equivalent
216243,entity_e5,retained,equivalent
216243,entity_e7,removed,absent
5804,entity_e1,retained,equivalent
5804,entity_e2,retained,equivalent
5804,entity_e3,retained,equivalent
5804,entity_e4,retained,equivalent
5804,entity_e5,removed,absent
5804,entity_e6,removed,absent
515682,entity_e2,removed,absent
515682,entity_e3,retained,equivalent
515682,entity_e4,retained,equivalent
515682,entity_e5,retained,equivalent
515682,entity_e6,retained,equivalent
515682,entity_e7,retained,equivalent
515682,entity_e8,retained,equivalent
515682,entity_e9,removed,absent
515682,entity_e10,retained,equivalent
515682,entity_e12,retained,equivalent
515682,entity_e13,removed,absent
329433,entity_e1,retained,equivalent
329433,entity_e2,retained,equivalent
329433,entity_e3,removed,absent
329433,entity_e4,retained,equivalent
329433,entity_e5,retained,equivalent
329433,entity_e6,retained,equivalent
329433,entity_e8,retained,equivalent
329433,entity_e9,retained,equivalent
329433,entity_e10,removed,absent
329433,entity_e11,removed,absent
329433,entity_e14,retained,equivalent
92248,entity_e1,retained,equivalent
92248,entity_e2,unresolved,collection_change
92248,entity_e3,retained,equivalent
92248,entity_e4,removed,absent
136466,entity_e1,retained,equivalent
136466,entity_e2,removed,absent
136466,entity_e3,removed,absent
136466,entity_e5,removed,absent
136466,entity_e6,removed,absent
136466,entity_e7,removed,absent
136466,entity_e8,removed,absent
107558,entity_e1,retained,equivalent
107558,entity_e2,retained,equivalent
107558,entity_e3,retained,equivalent
107558,entity_e4,retained,equivalent
107558,entity_e5,retained,equivalent
107558,entity_e6,removed,absent
193349,entity_e1,retained,equivalent
193349,entity_e2,retained,equivalent
193349,entity_e3,removed,absent
193349,entity_e4,retained,equivalent
193349,entity_e5,removed,absent
193349,entity_e6,removed,absent
193349,entity_e7,removed,absent
193349,entity_e9,retained,equivalent
312682,entity_e1,retained,equivalent
312682,entity_e2,removed,absent
312682,entity_e3,retained,equivalent
626,entity_e1,retained,equivalent
626,entity_e2,retained,equivalent
626,entity_e3,removed,absent
626,entity_e4,retained,equivalent
626,entity_e5,removed,absent
439426,entity_e1,retained,equivalent
439426,entity_e2,retained,equivalent
439426,entity_e3,retained,equivalent
439426,entity_e4,retained,equivalent
439426,entity_e5,retained,equivalent
420914,entity_e1,retained,equivalent
420914,entity_e2,retained,equivalent
420914,entity_e3,retained,equivalent
420914,entity_e4,removed,absent
55155,entity_e1,retained,equivalent
55155,entity_e2,retained,equivalent
55155,entity_e3,retained,equivalent
295076,entity_e1,unresolved,unresolved
295076,entity_e2,unresolved,unresolved
295076,entity_e3,retained,equivalent
295076,entity_e4,retained,equivalent
295076,entity_e5,removed,absent
295076,entity_e6,removed,absent
295076,entity_e8,removed,absent
273317,entity_e1,retained,equivalent
273317,entity_e2,retained,equivalent
273317,entity_e3,retained,equivalent
273317,entity_e4,removed,absent
273317,entity_e5,retained,equivalent
273317,entity_e6,retained,equivalent
273317,entity_e8,retained,equivalent
273317,entity_e11,removed,absent
273317,entity_e12,retained,equivalent
300876,entity_e1,retained,equivalent
300876,entity_e2,unresolved,unresolved
300876,entity_e3,retained,equivalent
300876,entity_e4,unresolved,unresolved
300876,entity_e5,removed,absent
300876,entity_e6,retained,equivalent
300876,entity_e7,retained,equivalent
300876,entity_e8,retained,equivalent
300876,entity_e9,retained,equivalent
300876,entity_e11,removed,absent
416145,entity_e1,retained,equivalent
416145,entity_e2,retained,equivalent
416145,entity_e3,retained,equivalent
416145,entity_e4,removed,absent
20487,entity_e1,retained,equivalent
20487,entity_e3,retained,equivalent
20487,entity_e4,retained,equivalent
20487,entity_e5,removed,absent
565778,entity_e1,retained,equivalent
565778,entity_e2,removed,absent
565778,entity_e3,retained,equivalent
565778,entity_e4,removed,absent
565778,entity_e5,removed,absent
565778,entity_e6,removed,absent
451944,entity_e1,retained,equivalent
451944,entity_e2,retained,equivalent
451944,entity_e3,retained,equivalent
451944,entity_e4,unresolved,collection_change
451944,entity_e5,unresolved,collection_change
451944,entity_e6,removed,absent
451944,entity_e7,unresolved,collection_change
451944,entity_e8,unresolved,collection_change
451944,entity_e9,unresolved,collection_change
451944,entity_e10,retained,equivalent
451944,entity_e11,removed,absent
497049,entity_e1,retained,equivalent
497049,entity_e2,unresolved,unresolved
497049,entity_e3,retained,equivalent
497049,entity_e4,unresolved,unresolved
497049,entity_e5,retained,equivalent
497049,entity_e6,unresolved,unresolved
497049,entity_e7,retained,equivalent
497049,entity_e8,retained,equivalent
497049,entity_e9,unresolved,collection_change
497049,entity_e10,removed,absent
484303,entity_e1,retained,equivalent
484303,entity_e2,retained,equivalent
484303,entity_e3,retained,equivalent
484303,entity_e4,removed,absent
550051,entity_e1,removed,absent
550051,entity_e2,removed,absent
550051,entity_e3,retained,equivalent
550051,entity_e4,retained,equivalent
550051,entity_e5,retained,equivalent
550051,entity_e6,retained,equivalent
550051,entity_e7,retained,equivalent
140010,entity_e1,retained,equivalent
140010,entity_e3,retained,equivalent
437303,entity_e1,retained,equivalent
437303,entity_e2,retained,equivalent
437303,entity_e3,retained,equivalent
437303,entity_e4,removed,absent
437303,entity_e6,retained,equivalent
437303,entity_e7,retained,equivalent
437303,entity_e8,removed,absent
378276,entity_e1,retained,equivalent
378276,entity_e2,retained,equivalent
378276,entity_e3,removed,absent
378276,entity_e4,removed,absent
378276,entity_e5,retained,equivalent
378276,entity_e6,removed,absent
378276,entity_e7,retained,equivalent
378276,entity_e9,retained,equivalent
378276,entity_e13,removed,absent
183469,entity_e1,retained,equivalent
183469,entity_e2,retained,equivalent
183469,entity_e3,removed,absent
183469,entity_e4,removed,absent
183469,entity_e5,retained,equivalent
220277,entity_e1,retained,equivalent
220277,entity_e2,retained,equivalent
220277,entity_e3,retained,equivalent
220277,entity_e4,removed,absent
220277,entity_e5,retained,equivalent
220277,entity_e6,retained,equivalent
