pair_id,denominator,retained,removed,modified,unresolved,retention_lower,retention_upper,loss_lower,loss_upper,decided_only_retention,decided_coverage
102609,1,0,1,0,0,0.0,0.0,1.0,1.0,0.0,1.0
103485,1,0,1,0,0,0.0,0.0,1.0,1.0,0.0,1.0
107558,0,0,0,0,0,,,,,,
10837,0,0,0,0,0,,,,,,
110196,1,1,0,0,0,1.0,1.0,0.0,0.0,1.0,1.0
112437,0,0,0,0,0,,,,,,
112702,3,1,2,0,0,0.3333333333333333,0.3333333333333333,0.6666666666666666,0.6666666666666666,0.3333333333333333,1.0
113173,1,1,0,0,0,1.0,1.0,0.0,0.0,1.0,1.0
113246,0,0,0,0,0,,,,,,
113333,0,0,0,0,0,,,,,,
116202,0,0,0,0,0,,,,,,
116887,0,0,0,0,0,,,,,,
1180,1,0,1,0,0,0.0,0.0,1.0,1.0,0.0,1.0
118839,0,0,0,0,0,,,,,,
120234,1,0,1,0,0,0.0,0.0,1.0,1.0,0.0,1.0
120340,2,1,1,0,0,0.5,0.5,0.5,0.5,0.5,1.0
120357,0,0,0,0,0,,,,,,
120806,2,1,1,0,0,0.5,0.5,0.5,0.5,0.5,1.0
121876,2,0,2,0,0,0.0,0.0,1.0,1.0,0.0,1.0
128515,1,1,0,0,0,1.0,1.0,0.0,0.0,1.0,1.0
132317,0,0,0,0,0,,,,,,
133819,2,0,1,1,0,0.0,0.0,1.0,1.0,0.0,1.0
136140,1,0,1,0,0,0.0,0.0,1.0,1.0,0.0,1.0
136466,1,1,0,0,0,1.0,1.0,0.0,0.0,1.0,1.0
137967,0,0,0,0,0,,,,,,
138119,0,0,0,0,0,,,,,,
138549,0,0,0,0,0,,,,,,
140010,1,0,1,0,0,0.0,0.0,1.0,1.0,0.0,1.0
1404,2,0,2,0,0,0.0,0.0,1.0,1.0,0.0,1.0
141256,0,0,0,0,0,,,,,,
142826,2,0,2,0,0,0.0,0.0,1.0,1.0,0.0,1.0
143132,1,0,1,0,0,0.0,0.0,1.0,1.0,0.0,1.0
145073,0,0,0,0,0,,,,,,
150098,1,0,1,0,0,0.0,0.0,1.0,1.0,0.0,1.0
150639,1,0,0,0,1,0.0,1.0,0.0,1.0,,0.0
15113,2,1,1,0,0,0.5,0.5,0.5,0.5,0.5,1.0
154173,0,0,0,0,0,,,,,,
158414,0,0,0,0,0,,,,,,
159736,0,0,0,0,0,,,,,,
160004,1,0,1,0,0,0.0,0.0,1.0,1.0,0.0,1.0
161022,0,0,0,0,0,,,,,,
162530,0,0,0,0,0,,,,,,
164497,1,0,1,0,0,0.0,0.0,1.0,1.0,0.0,1.0
1682,1,0,1,0,0,0.0,0.0,1.0,1.0,0.0,1.0
168543,1,1,0,0,0,1.0,1.0,0.0,0.0,1.0,1.0
168583,1,0,0,0,1,0.0,1.0,0.0,1.0,,0.0
169273,1,0,1,0,0,0.0,0.0,1.0,1.0,0.0,1.0
169436,2,1,1,0,0,0.5,0.5,0.5,0.5,0.5,1.0
17409,0,0,0,0,0,,,,,,
180167,3,1,2,0,0,0.3333333333333333,0.3333333333333333,0.6666666666666666,0.6666666666666666,0.3333333333333333,1.0
180411,2,1,1,0,0,0.5,0.5,0.5,0.5,0.5,1.0
180917,1,0,1,0,0,0.0,0.0,1.0,1.0,0.0,1.0
18291,2,0,2,0,0,0.0,0.0,1.0,1.0,0.0,1.0
183469,3,0,0,0,3,0.0,1.0,0.0,1.0,,0.0
183965,0,0,0,0,0,,,,,,
183970,0,0,0,0,0,,,,,,
190015,2,1,1,0,0,0.5,0.5,0.5,0.5,0.5,1.0
190395,3,1,2,0,0,0.3333333333333333,0.3333333333333333,0.6666666666666666,0.6666666666666666,0.3333333333333333,1.0
19079,1,1,0,0,0,1.0,1.0,0.0,0.0,1.0,1.0
191054,0,0,0,0,0,,,,,,
193349,0,0,0,0,0,,,,,,
195269,1,0,1,0,0,0.0,0.0,1.0,1.0,0.0,1.0
1960,2,2,0,0,0,1.0,1.0,0.0,0.0,1.0,1.0
196989,0,0,0,0,0,,,,,,
197666,2,2,0,0,0,1.0,1.0,0.0,0.0,1.0,1.0
198120,0,0,0,0,0,,,,,,
198590,1,1,0,0,0,1.0,1.0,0.0,0.0,1.0,1.0
201141,0,0,0,0,0,,,,,,
204661,1,0,1,0,0,0.0,0.0,1.0,1.0,0.0,1.0
20487,0,0,0,0,0,,,,,,
209322,1,1,0,0,0,1.0,1.0,0.0,0.0,1.0,1.0
209548,0,0,0,0,0,,,,,,
210394,2,2,0,0,0,1.0,1.0,0.0,0.0,1.0,1.0
210408,1,1,0,0,0,1.0,1.0,0.0,0.0,1.0,1.0
21046,1,1,0,0,0,1.0,1.0,0.0,0.0,1.0,1.0
212421,0,0,0,0,0,,,,,,
213432,1,0,1,0,0,0.0,0.0,1.0,1.0,0.0,1.0
214124,0,0,0,0,0,,,,,,
216243,0,0,0,0,0,,,,,,
220277,2,0,2,0,0,0.0,0.0,1.0,1.0,0.0,1.0
221044,1,1,0,0,0,1.0,1.0,0.0,0.0,1.0,1.0
221536,1,1,0,0,0,1.0,1.0,0.0,0.0,1.0,1.0
221914,1,0,1,0,0,0.0,0.0,1.0,1.0,0.0,1.0
223874,0,0,0,0,0,,,,,,
22461,0,0,0,0,0,,,,,,
226404,0,0,0,0,0,,,,,,
226701,0,0,0,0,0,,,,,,
226802,1,0,1,0,0,0.0,0.0,1.0,1.0,0.0,1.0
228867,1,1,0,0,0,1.0,1.0,0.0,0.0,1.0,1.0
230220,1,0,1,0,0,0.0,0.0,1.0,1.0,0.0,1.0
230739,1,0,1,0,0,0.0,0.0,1.0,1.0,0.0,1.0
232679,1,0,1,0,0,0.0,0.0,1.0,1.0,0.0,1.0
233023,1,1,0,0,0,1.0,1.0,0.0,0.0,1.0,1.0
235864,0,0,0,0,0,,,,,,
236246,1,1,0,0,0,1.0,1.0,0.0,0.0,1.0,1.0
236747,2,0,2,0,0,0.0,0.0,1.0,1.0,0.0,1.0
236868,0,0,0,0,0,,,,,,
237517,0,0,0,0,0,,,,,,
237759,0,0,0,0,0,,,,,,
239005,1,1,0,0,0,1.0,1.0,0.0,0.0,1.0,1.0
240323,1,0,1,0,0,0.0,0.0,1.0,1.0,0.0,1.0
242422,1,0,1,0,0,0.0,0.0,1.0,1.0,0.0,1.0
245173,1,0,1,0,0,0.0,0.0,1.0,1.0,0.0,1.0
246252,0,0,0,0,0,,,,,,
249883,1,1,0,0,0,1.0,1.0,0.0,0.0,1.0,1.0
251367,0,0,0,0,0,,,,,,
253489,2,1,1,0,0,0.5,0.5,0.5,0.5,0.5,1.0
255795,0,0,0,0,0,,,,,,
256003,0,0,0,0,0,,,,,,
256220,0,0,0,0,0,,,,,,
25846,1,1,0,0,0,1.0,1.0,0.0,0.0,1.0,1.0
259422,0,0,0,0,0,,,,,,
25986,0,0,0,0,0,,,,,,
260370,2,2,0,0,0,1.0,1.0,0.0,0.0,1.0,1.0
261115,1,0,1,0,0,0.0,0.0,1.0,1.0,0.0,1.0
262092,0,0,0,0,0,,,,,,
262531,1,1,0,0,0,1.0,1.0,0.0,0.0,1.0,1.0
262987,0,0,0,0,0,,,,,,
264423,0,0,0,0,0,,,,,,
265096,1,0,1,0,0,0.0,0.0,1.0,1.0,0.0,1.0
265462,0,0,0,0,0,,,,,,
265518,0,0,0,0,0,,,,,,
268717,0,0,0,0,0,,,,,,
269942,0,0,0,0,0,,,,,,
270593,1,0,1,0,0,0.0,0.0,1.0,1.0,0.0,1.0
273317,0,0,0,0,0,,,,,,
274298,0,0,0,0,0,,,,,,
274612,0,0,0,0,0,,,,,,
275448,0,0,0,0,0,,,,,,
275501,0,0,0,0,0,,,,,,
276066,0,0,0,0,0,,,,,,
276971,0,0,0,0,0,,,,,,
277094,0,0,0,0,0,,,,,,
277326,1,1,0,0,0,1.0,1.0,0.0,0.0,1.0,1.0
279305,2,1,1,0,0,0.5,0.5,0.5,0.5,0.5,1.0
279634,0,0,0,0,0,,,,,,
280888,1,0,1,0,0,0.0,0.0,1.0,1.0,0.0,1.0
281331,0,0,0,0,0,,,,,,
281628,1,0,1,0,0,0.0,0.0,1.0,1.0,0.0,1.0
281683,1,1,0,0,0,1.0,1.0,0.0,0.0,1.0,1.0
281711,0,0,0,0,0,,,,,,
283119,1,1,0,0,0,1.0,1.0,0.0,0.0,1.0,1.0
285894,0,0,0,0,0,,,,,,
286591,1,0,1,0,0,0.0,0.0,1.0,1.0,0.0,1.0
289392,2,0,2,0,0,0.0,0.0,1.0,1.0,0.0,1.0
293545,0,0,0,0,0,,,,,,
293964,0,0,0,0,0,,,,,,
294484,0,0,0,0,0,,,,,,
295076,0,0,0,0,0,,,,,,
295574,0,0,0,0,0,,,,,,
296960,1,0,1,0,0,0.0,0.0,1.0,1.0,0.0,1.0
298372,2,1,1,0,0,0.5,0.5,0.5,0.5,0.5,1.0
298812,3,1,2,0,0,0.3333333333333333,0.3333333333333333,0.6666666666666666,0.6666666666666666,0.3333333333333333,1.0
299776,0,0,0,0,0,,,,,,
300876,0,0,0,0,0,,,,,,
30273,1,1,0,0,0,1.0,1.0,0.0,0.0,1.0,1.0
303499,1,1,0,0,0,1.0,1.0,0.0,0.0,1.0,1.0
30361,0,0,0,0,0,,,,,,
303908,1,0,1,0,0,0.0,0.0,1.0,1.0,0.0,1.0
306335,0,0,0,0,0,,,,,,
306879,0,0,0,0,0,,,,,,
308391,0,0,0,0,0,,,,,,
312682,1,0,1,0,0,0.0,0.0,1.0,1.0,0.0,1.0
316397,0,0,0,0,0,,,,,,
316617,0,0,0,0,0,,,,,,
317188,0,0,0,0,0,,,,,,
317479,2,1,1,0,0,0.5,0.5,0.5,0.5,0.5,1.0
317531,1,0,0,1,0,0.0,0.0,1.0,1.0,0.0,1.0
318854,1,1,0,0,0,1.0,1.0,0.0,0.0,1.0,1.0
319726,2,2,0,0,0,1.0,1.0,0.0,0.0,1.0,1.0
32001,0,0,0,0,0,,,,,,
321176,3,1,2,0,0,0.3333333333333333,0.3333333333333333,0.6666666666666666,0.6666666666666666,0.3333333333333333,1.0
321217,1,1,0,0,0,1.0,1.0,0.0,0.0,1.0,1.0
32284,0,0,0,0,0,,,,,,
323799,0,0,0,0,0,,,,,,
324789,0,0,0,0,0,,,,,,
326667,0,0,0,0,0,,,,,,
327590,0,0,0,0,0,,,,,,
32909,2,1,1,0,0,0.5,0.5,0.5,0.5,0.5,1.0
329433,0,0,0,0,0,,,,,,
331180,1,0,1,0,0,0.0,0.0,1.0,1.0,0.0,1.0
331883,0,0,0,0,0,,,,,,
332570,1,0,1,0,0,0.0,0.0,1.0,1.0,0.0,1.0
332777,1,1,0,0,0,1.0,1.0,0.0,0.0,1.0,1.0
337055,0,0,0,0,0,,,,,,
338419,1,1,0,0,0,1.0,1.0,0.0,0.0,1.0,1.0
340654,1,1,0,0,0,1.0,1.0,0.0,0.0,1.0,1.0
340934,1,0,1,0,0,0.0,0.0,1.0,1.0,0.0,1.0
342770,0,0,0,0,0,,,,,,
344498,0,0,0,0,0,,,,,,
34520,1,0,1,0,0,0.0,0.0,1.0,1.0,0.0,1.0
350160,1,0,0,1,0,0.0,0.0,1.0,1.0,0.0,1.0
351528,0,0,0,0,0,,,,,,
356500,0,0,0,0,0,,,,,,
357501,1,1,0,0,0,1.0,1.0,0.0,0.0,1.0,1.0
35966,1,1,0,0,0,1.0,1.0,0.0,0.0,1.0,1.0
359751,0,0,0,0,0,,,,,,
360487,3,3,0,0,0,1.0,1.0,0.0,0.0,1.0,1.0
361521,2,2,0,0,0,1.0,1.0,0.0,0.0,1.0,1.0
365099,1,1,0,0,0,1.0,1.0,0.0,0.0,1.0,1.0
365208,1,0,1,0,0,0.0,0.0,1.0,1.0,0.0,1.0
366830,1,1,0,0,0,1.0,1.0,0.0,0.0,1.0,1.0
369190,1,0,1,0,0,0.0,0.0,1.0,1.0,0.0,1.0
370207,1,1,0,0,0,1.0,1.0,0.0,0.0,1.0,1.0
371005,2,1,1,0,0,0.5,0.5,0.5,0.5,0.5,1.0
372428,1,0,1,0,0,0.0,0.0,1.0,1.0,0.0,1.0
373089,0,0,0,0,0,,,,,,
373857,1,0,1,0,0,0.0,0.0,1.0,1.0,0.0,1.0
377195,0,0,0,0,0,,,,,,
378276,0,0,0,0,0,,,,,,
379542,0,0,0,0,0,,,,,,
380203,2,1,1,0,0,0.5,0.5,0.5,0.5,0.5,1.0
381213,0,0,0,0,0,,,,,,
381658,4,0,3,1,0,0.0,0.0,1.0,1.0,0.0,1.0
381925,1,1,0,0,0,1.0,1.0,0.0,0.0,1.0,1.0
38438,1,1,0,0,0,1.0,1.0,0.0,0.0,1.0,1.0
388409,2,1,1,0,0,0.5,0.5,0.5,0.5,0.5,1.0
388829,0,0,0,0,0,,,,,,
389308,0,0,0,0,0,,,,,,
396768,1,1,0,0,0,1.0,1.0,0.0,0.0,1.0,1.0
397351,1,0,1,0,0,0.0,0.0,1.0,1.0,0.0,1.0
398726,1,0,1,0,0,0.0,0.0,1.0,1.0,0.0,1.0
401862,1,1,0,0,0,1.0,1.0,0.0,0.0,1.0,1.0
402588,0,0,0,0,0,,,,,,
402623,0,0,0,0,0,,,,,,
402992,1,0,1,0,0,0.0,0.0,1.0,1.0,0.0,1.0
403482,1,0,1,0,0,0.0,0.0,1.0,1.0,0.0,1.0
403907,2,1,1,0,0,0.5,0.5,0.5,0.5,0.5,1.0
404462,0,0,0,0,0,,,,,,
405635,0,0,0,0,0,,,,,,
40705,0,0,0,0,0,,,,,,
408501,3,2,1,0,0,0.6666666666666666,0.6666666666666666,0.3333333333333333,0.3333333333333333,0.6666666666666666,1.0
409009,1,1,0,0,0,1.0,1.0,0.0,0.0,1.0,1.0
409346,0,0,0,0,0,,,,,,
41438,0,0,0,0,0,,,,,,
415015,1,0,1,0,0,0.0,0.0,1.0,1.0,0.0,1.0
416145,2,1,1,0,0,0.5,0.5,0.5,0.5,0.5,1.0
417586,1,1,0,0,0,1.0,1.0,0.0,0.0,1.0,1.0
418623,3,0,0,0,3,0.0,1.0,0.0,1.0,,0.0
419558,1,0,1,0,0,0.0,0.0,1.0,1.0,0.0,1.0
419697,2,0,1,1,0,0.0,0.0,1.0,1.0,0.0,1.0
420914,0,0,0,0,0,,,,,,
422522,0,0,0,0,0,,,,,,
424712,0,0,0,0,0,,,,,,
428975,1,0,1,0,0,0.0,0.0,1.0,1.0,0.0,1.0
430973,2,0,2,0,0,0.0,0.0,1.0,1.0,0.0,1.0
43098,1,1,0,0,0,1.0,1.0,0.0,0.0,1.0,1.0
431364,0,0,0,0,0,,,,,,
43324,0,0,0,0,0,,,,,,
433892,0,0,0,0,0,,,,,,
435081,0,0,0,0,0,,,,,,
437303,2,0,0,0,2,0.0,1.0,0.0,1.0,,0.0
438364,2,1,1,0,0,0.5,0.5,0.5,0.5,0.5,1.0
438426,2,1,0,1,0,0.5,0.5,0.5,0.5,0.5,1.0
439180,0,0,0,0,0,,,,,,
439426,1,0,0,0,1,0.0,1.0,0.0,1.0,,0.0
43947,0,0,0,0,0,,,,,,
441614,1,0,1,0,0,0.0,0.0,1.0,1.0,0.0,1.0
442136,1,1,0,0,0,1.0,1.0,0.0,0.0,1.0,1.0
443218,0,0,0,0,0,,,,,,
443844,1,0,1,0,0,0.0,0.0,1.0,1.0,0.0,1.0
445233,0,0,0,0,0,,,,,,
446799,0,0,0,0,0,,,,,,
447553,1,0,1,0,0,0.0,0.0,1.0,1.0,0.0,1.0
448657,4,0,4,0,0,0.0,0.0,1.0,1.0,0.0,1.0
449039,1,1,0,0,0,1.0,1.0,0.0,0.0,1.0,1.0
450500,0,0,0,0,0,,,,,,
450849,1,0,1,0,0,0.0,0.0,1.0,1.0,0.0,1.0
45094,1,0,1,0,0,0.0,0.0,1.0,1.0,0.0,1.0
451915,0,0,0,0,0,,,,,,
451944,1,1,0,0,0,1.0,1.0,0.0,0.0,1.0,1.0
45367,3,2,1,0,0,0.6666666666666666,0.6666666666666666,0.3333333333333333,0.3333333333333333,0.6666666666666666,1.0
45388,1,0,1,0,0,0.0,0.0,1.0,1.0,0.0,1.0
454642,0,0,0,0,0,,,,,,
45472,1,0,0,0,1,0.0,1.0,0.0,1.0,,0.0
45644,0,0,0,0,0,,,,,,
456559,0,0,0,0,0,,,,,,
458778,1,0,0,0,1,0.0,1.0,0.0,1.0,,0.0
462687,0,0,0,0,0,,,,,,
46463,0,0,0,0,0,,,,,,
467966,1,1,0,0,0,1.0,1.0,0.0,0.0,1.0,1.0
46912,0,0,0,0,0,,,,,,
469134,0,0,0,0,0,,,,,,
469638,2,1,1,0,0,0.5,0.5,0.5,0.5,0.5,1.0
469671,1,1,0,0,0,1.0,1.0,0.0,0.0,1.0,1.0
471483,2,2,0,0,0,1.0,1.0,0.0,0.0,1.0,1.0
474439,0,0,0,0,0,,,,,,
475150,1,1,0,0,0,1.0,1.0,0.0,0.0,1.0,1.0
476796,1,0,1,0,0,0.0,0.0,1.0,1.0,0.0,1.0
482236,0,0,0,0,0,,,,,,
482742,1,0,1,0,0,0.0,0.0,1.0,1.0,0.0,1.0
483723,0,0,0,0,0,,,,,,
483849,0,0,0,0,0,,,,,,
484303,1,1,0,0,0,1.0,1.0,0.0,0.0,1.0,1.0
484346,0,0,0,0,0,,,,,,
484432,0,0,0,0,0,,,,,,
48530,2,0,2,0,0,0.0,0.0,1.0,1.0,0.0,1.0
487391,0,0,0,0,0,,,,,,
49151,0,0,0,0,0,,,,,,
494014,0,0,0,0,0,,,,,,
494141,0,0,0,0,0,,,,,,
49444,0,0,0,0,0,,,,,,
497049,0,0,0,0,0,,,,,,
497867,2,0,2,0,0,0.0,0.0,1.0,1.0,0.0,1.0
501047,1,1,0,0,0,1.0,1.0,0.0,0.0,1.0,1.0
506187,0,0,0,0,0,,,,,,
506441,1,0,1,0,0,0.0,0.0,1.0,1.0,0.0,1.0
508580,0,0,0,0,0,,,,,,
511138,0,0,0,0,0,,,,,,
513037,1,0,0,1,0,0.0,0.0,1.0,1.0,0.0,1.0
515391,2,0,2,0,0,0.0,0.0,1.0,1.0,0.0,1.0
515682,1,1,0,0,0,1.0,1.0,0.0,0.0,1.0,1.0
519728,1,0,1,0,0,0.0,0.0,1.0,1.0,0.0,1.0
519838,0,0,0,0,0,,,,,,
521869,0,0,0,0,0,,,,,,
522032,0,0,0,0,0,,,,,,
522478,3,0,2,0,1,0.0,0.3333333333333333,0.6666666666666666,1.0,0.0,0.6666666666666666
523677,0,0,0,0,0,,,,,,
525322,1,0,0,0,1,0.0,1.0,0.0,1.0,,0.0
527219,1,1,0,0,0,1.0,1.0,0.0,0.0,1.0,1.0
528098,2,2,0,0,0,1.0,1.0,0.0,0.0,1.0,1.0
530600,2,1,1,0,0,0.5,0.5,0.5,0.5,0.5,1.0
536720,1,0,1,0,0,0.0,0.0,1.0,1.0,0.0,1.0
53748,0,0,0,0,0,,,,,,
537857,2,1,0,1,0,0.5,0.5,0.5,0.5,0.5,1.0
542511,0,0,0,0,0,,,,,,
54264,0,0,0,0,0,,,,,,
543118,2,0,2,0,0,0.0,0.0,1.0,1.0,0.0,1.0
544638,0,0,0,0,0,,,,,,
545353,0,0,0,0,0,,,,,,
548090,2,2,0,0,0,1.0,1.0,0.0,0.0,1.0,1.0
550051,0,0,0,0,0,,,,,,
55155,0,0,0,0,0,,,,,,
551665,2,0,1,1,0,0.0,0.0,1.0,1.0,0.0,1.0
552221,1,1,0,0,0,1.0,1.0,0.0,0.0,1.0,1.0
55244,1,0,0,0,1,0.0,1.0,0.0,1.0,,0.0
553747,0,0,0,0,0,,,,,,
554114,0,0,0,0,0,,,,,,
554582,0,0,0,0,0,,,,,,
555412,0,0,0,0,0,,,,,,
55857,1,1,0,0,0,1.0,1.0,0.0,0.0,1.0,1.0
559550,0,0,0,0,0,,,,,,
561517,1,0,1,0,0,0.0,0.0,1.0,1.0,0.0,1.0
563153,2,1,0,0,1,0.5,1.0,0.0,0.5,1.0,0.5
564003,1,1,0,0,0,1.0,1.0,0.0,0.0,1.0,1.0
565761,1,1,0,0,0,1.0,1.0,0.0,0.0,1.0,1.0
565778,1,1,0,0,0,1.0,1.0,0.0,0.0,1.0,1.0
566324,1,0,1,0,0,0.0,0.0,1.0,1.0,0.0,1.0
567171,1,0,0,0,1,0.0,1.0,0.0,1.0,,0.0
567740,0,0,0,0,0,,,,,,
568814,1,1,0,0,0,1.0,1.0,0.0,0.0,1.0,1.0
569801,1,0,0,0,1,0.0,1.0,0.0,1.0,,0.0
570101,2,0,2,0,0,0.0,0.0,1.0,1.0,0.0,1.0
570659,2,1,1,0,0,0.5,0.5,0.5,0.5,0.5,1.0
572050,1,1,0,0,0,1.0,1.0,0.0,0.0,1.0,1.0
572184,1,1,0,0,0,1.0,1.0,0.0,0.0,1.0,1.0
574280,2,1,1,0,0,0.5,0.5,0.5,0.5,0.5,1.0
575901,0,0,0,0,0,,,,,,
575946,1,1,0,0,0,1.0,1.0,0.0,0.0,1.0,1.0
578383,2,0,2,0,0,0.0,0.0,1.0,1.0,0.0,1.0
579468,2,2,0,0,0,1.0,1.0,0.0,0.0,1.0,1.0
58029,1,0,1,0,0,0.0,0.0,1.0,1.0,0.0,1.0
5804,2,1,1,0,0,0.5,0.5,0.5,0.5,0.5,1.0
581451,0,0,0,0,0,,,,,,
581863,3,1,2,0,0,0.3333333333333333,0.3333333333333333,0.6666666666666666,0.6666666666666666,0.3333333333333333,1.0
61715,1,0,1,0,0,0.0,0.0,1.0,1.0,0.0,1.0
626,3,0,3,0,0,0.0,0.0,1.0,1.0,0.0,1.0
63040,0,0,0,0,0,,,,,,
64189,1,1,0,0,0,1.0,1.0,0.0,0.0,1.0,1.0
6460,1,0,1,0,0,0.0,0.0,1.0,1.0,0.0,1.0
65350,0,0,0,0,0,,,,,,
66841,1,0,0,0,1,0.0,1.0,0.0,1.0,,0.0
68418,0,0,0,0,0,,,,,,
69946,0,0,0,0,0,,,,,,
70471,0,0,0,0,0,,,,,,
71090,4,0,3,0,1,0.0,0.25,0.75,1.0,0.0,0.75
73201,0,0,0,0,0,,,,,,
74789,0,0,0,0,0,,,,,,
75806,2,0,2,0,0,0.0,0.0,1.0,1.0,0.0,1.0
76484,0,0,0,0,0,,,,,,
80185,0,0,0,0,0,,,,,,
82465,1,0,0,0,1,0.0,1.0,0.0,1.0,,0.0
84477,2,2,0,0,0,1.0,1.0,0.0,0.0,1.0,1.0
84701,0,0,0,0,0,,,,,,
85162,2,2,0,0,0,1.0,1.0,0.0,0.0,1.0,1.0
85674,1,0,0,1,0,0.0,0.0,1.0,1.0,0.0,1.0
86250,1,1,0,0,0,1.0,1.0,0.0,0.0,1.0,1.0
87144,0,0,0,0,0,,,,,,
8899,3,1,2,0,0,0.3333333333333333,0.3333333333333333,0.6666666666666666,0.6666666666666666,0.3333333333333333,1.0
89296,0,0,0,0,0,,,,,,
89359,1,0,1,0,0,0.0,0.0,1.0,1.0,0.0,1.0
89618,0,0,0,0,0,,,,,,
91349,1,1,0,0,0,1.0,1.0,0.0,0.0,1.0,1.0
92248,1,0,1,0,0,0.0,0.0,1.0,1.0,0.0,1.0
92679,1,1,0,0,0,1.0,1.0,0.0,0.0,1.0,1.0
93620,0,0,0,0,0,,,,,,
94760,0,0,0,0,0,,,,,,
96034,1,0,1,0,0,0.0,0.0,1.0,1.0,0.0,1.0
96755,0,0,0,0,0,,,,,,
99581,2,0,1,1,0,0.0,0.0,1.0,1.0,0.0,1.0
